id,time,NTrial,NResp,NInclude,PE,SPE,MRT,SRT,lisas_weight,IES,RCS,BS,LISAS,NTrial_Cong,NTrial_Incong,NResp_Cong,NResp_Incong,NInclude_Cong,NInclude_Incong,PE_Cong,PE_Incong,SPE_Cong,SPE_Incong,MRT_Cong,MRT_Incong,SRT_Cong,SRT_Incong,lisas_weight_Cong,lisas_weight_Incong,IES_Cong,IES_Incong,RCS_Cong,RCS_Incong,BS_Cong,BS_Incong,LISAS_Cong,LISAS_Incong,NTrial_diff,NResp_diff,NInclude_diff,PE_diff,SPE_diff,MRT_diff,SRT_diff,lisas_weight_diff,IES_diff,RCS_diff,BS_diff,LISAS_diff,NIHScore
1,2007/1/1 1:47,96,96,89,0.011235955,0.105999788,625.2395995,115.502348,1089.646972,632.3445949,1.688841523,NA,637.4828239,48,48,48,48,43,46,0,0.02173913,0,0.147441956,583.2109746,665.4002854,70.8688784,134.9388048,1089.646972,1089.646972,583.2109746,680.1869584,1.87414727,1.536882709,NA,NA,583.2109746,689.0882631,0,0,3,0.02173913,0.147441956,82.1893108,64.06992644,0,96.97598381,-0.337264561,NA,105.8772885,1.754825897
2,2014/5/17 10:54,96,96,91,0.032967033,0.1795395,669.5577703,152.9270204,851.7736765,692.3836034,1.519838545,NA,697.6382212,48,48,48,48,45,46,0,0.065217391,0,0.249637418,577.3408069,766.0638949,71.60391415,156.28813,851.7736765,851.7736765,577.3408069,819.5102131,1.847551141,1.278032438,NA,NA,577.3408069,821.614352,0,0,1,0.065217391,0.249637418,188.723088,84.68421589,0,242.1694062,-0.569518703,NA,244.2735451,1.618668137
3,2014/5/17 10:15,96,96,91,0.032967033,0.1795395,595.5252916,124.4820685,693.3408425,615.8272902,1.71607013,NA,618.382682,48,48,48,48,45,46,0.022222222,0.043478261,0.149071198,0.206184571,554.6207647,636.4298186,83.44120484,144.7940614,693.3408425,693.3408425,567.2257821,665.3584467,1.88096755,1.574994611,NA,NA,570.028339,666.5750726,0,0,1,0.021256039,0.057113372,81.80905386,61.35285656,0,98.1326646,-0.305972939,NA,96.5467336,1.733858308
4,2014/5/11 9:49,96,96,90,0.033333333,0.180511134,860.8359861,289.9346407,1606.187017,890.5199856,1.207119939,NA,914.3755533,48,48,48,48,44,46,0.022727273,0.043478261,0.150755672,0.206184571,796.4115911,923.7961902,286.4220027,282.467348,1606.187017,1606.187017,814.9327909,965.7869261,1.335351533,1.099264588,NA,NA,832.9158415,993.6304084,0,0,2,0.020750988,0.055428899,127.3845991,-3.954654741,0,150.8541352,-0.236086944,NA,160.7145669,1.50168687
5,2014/5/11 10:24,96,96,94,0,0,630.3387303,104.483656,Inf,630.3387303,1.620202832,NA,NA,48,48,48,48,47,47,0,0,0,0,601.1816994,659.4957611,107.4659398,93.72745505,Inf,Inf,601.1816994,659.4957611,1.69878191,1.548571888,NA,NA,NA,NA,0,0,0,0,0,58.31406171,-13.73848477,NA,58.31406171,-0.150210023,NA,NA,1.827972583
6,2014/5/11 9:49,96,96,90,0.033333333,0.180511134,776.6760769,179.5251875,994.5380269,803.4580106,1.324884402,NA,809.8273445,48,48,48,48,46,44,0,0.068181818,0,0.254971706,713.8564424,847.1566424,133.3597745,199.1358741,994.5380269,994.5380269,713.8564424,909.1437138,1.461748047,1.204580395,NA,NA,713.8564424,914.9660533,0,0,-2,0.068181818,0.254971706,133.3002,65.77609959,0,195.2872714,-0.257167652,NA,201.1096109,1.555498115
7,2014/5/17 10:06,96,96,87,0,0,798.4305917,175.6142753,Inf,798.4305917,1.38202154,NA,NA,48,48,48,48,40,47,0,0,0,0,706.9968666,876.246528,65.49278819,201.4072313,Inf,Inf,706.9968666,876.246528,1.697320111,1.165512859,NA,NA,NA,NA,0,0,7,0,0,169.2496614,135.9144431,NA,169.2496614,-0.531807252,NA,NA,1.651406635
8,2014/5/17 10:12,96,96,90,0.022222222,0.148231354,784.6414215,160.5335316,1082.993086,802.4741811,1.330322349,NA,808.7079345,48,48,48,48,45,45,0,0.044444444,0,0.208409077,765.1810434,805.0069334,157.5391923,162.9478299,1082.993086,1082.993086,765.1810434,842.4491163,1.394005609,1.269791523,NA,NA,765.1810434,853.1399594,0,0,0,0.044444444,0.208409077,39.82588995,5.408637596,0,77.2680729,-0.124214086,NA,87.95891599,1.608836994
9,2014/5/10 10:20,96,96,91,0.054945055,0.229135446,841.9556337,251.2400249,1096.469488,890.9065427,1.163087203,NA,902.20121,48,48,48,48,45,46,0.044444444,0.065217391,0.208409077,0.249637418,743.3729787,940.5382888,218.3085624,245.3314054,1096.469488,1096.469488,777.9484661,1006.157239,1.35308966,1.014198795,NA,NA,792.1049559,1012.047168,0,0,1,0.020772947,0.041228341,197.1653101,27.02284302,0,228.2087731,-0.338890865,NA,219.9422125,1.456785637
10,2014/5/10 9:41,96,96,91,0.087912088,0.284735809,850.3432095,263.2228238,924.4458029,932.3040008,1.143744817,NA,931.6131702,48,48,48,48,47,44,0.063829787,0.113636364,0.247092248,0.321038221,813.4692286,891.944624,257.3179944,266.9028226,924.4458029,924.4458029,868.9330396,1006.296499,1.191627712,1.097589288,NA,NA,872.4764075,996.9952834,0,0,-3,0.049806576,0.073945972,78.47539541,9.584828175,0,137.3634592,-0.094038424,NA,124.5188759,1.448735085
11,2014/5/10 10:11,96,96,92,0.010869565,0.104257207,664.7324087,169.1035895,1621.984651,672.0371605,1.540614896,NA,682.3626767,48,48,48,48,45,47,0,0.021276596,0,0.145864991,616.2665023,712.1447085,142.573087,180.7480337,1621.984651,1621.984651,616.2665023,727.6261152,1.694793471,1.412149023,NA,NA,616.2665023,746.6550202,0,0,2,0.021276596,0.145864991,95.87820614,38.17494675,0,111.3596128,-0.282644448,NA,130.3885179,1.713757557
12,2014/5/10 9:49,96,96,95,0,0,860.3797139,282.0933057,Inf,860.3797139,1.17451202,NA,NA,48,48,48,48,47,48,0,0,0,0,789.2644137,930.0134454,254.1101026,293.1651131,Inf,Inf,789.2644137,930.0134454,1.293960019,1.075253272,NA,NA,NA,NA,0,0,1,0,0,140.7490317,39.05501051,NA,140.7490317,-0.218706747,NA,NA,1.614405166
13,2014/5/10 9:40,96,96,93,0.010752688,0.103695169,664.2289142,197.5086832,1904.704763,671.4487937,1.538019613,NA,684.7096106,48,48,48,48,46,47,0,0.021276596,0,0.145864991,641.5339857,686.9238428,161.6401031,227.3888906,1904.704763,1904.704763,641.5339857,701.8569698,1.626536215,1.457039973,NA,NA,641.5339857,727.449476,0,0,1,0.021276596,0.145864991,45.38985709,65.74878752,0,60.3229841,-0.169496242,NA,85.91549034,1.736521221
14,2014/5/10 10:36,96,96,95,0,0,661.1406279,179.5192682,Inf,661.1406279,1.528458959,NA,NA,48,48,48,48,47,48,0,0,0,0,600.8575387,720.1678193,141.4316149,194.1253074,Inf,Inf,600.8575387,720.1678193,1.699698398,1.388565239,NA,NA,NA,NA,0,0,1,0,0,119.3102806,52.69369255,NA,119.3102806,-0.311133159,NA,NA,1.77328969
15,2014/5/10 10:05,96,96,96,0.0625,0.243332132,834.9471284,331.6446389,1362.929904,890.6102703,1.111328531,NA,920.1302474,48,48,48,48,48,48,0.0625,0.0625,0.244623027,0.244623027,776.5674604,893.3267963,331.069619,325.4192413,1362.929904,1362.929904,828.3386245,952.8819161,1.185693637,1.045741062,NA,NA,861.7505794,978.5099153,0,0,0,0,0,116.7593359,-5.650377782,0,124.5432916,-0.139952575,NA,116.7593359,1.478550523
16,2014/5/18 10:19,96,96,91,0.021978022,0.147423952,988.7811624,362.4543667,2458.585331,1011.000964,1.049003738,NA,1042.816005,48,48,48,48,45,46,0.022222222,0.02173913,0.149071198,0.147441956,883.9861013,1091.247444,284.807857,402.1870085,2458.585331,2458.585331,904.0766945,1115.497388,1.186199186,0.940254213,NA,NA,938.6213309,1144.694952,0,0,1,-4.83092e-4,-0.001629242,207.2613431,117.3791514,0,211.4206931,-0.245944973,NA,206.0736207,1.420339583
17,2014/5/11 9:47,96,96,93,0.064516129,0.247001655,642.8226554,156.8602385,635.0574386,687.1552523,1.49020853,NA,683.794103,48,48,48,48,47,46,0.063829787,0.065217391,0.247092248,0.249637418,610.6515965,675.7418784,133.7720599,172.8212042,635.0574386,635.0574386,652.2869326,722.8866607,1.573025566,1.414068309,NA,NA,651.1871777,717.1586679,0,0,-1,0.001387604,0.00254517,65.09028196,39.04914428,0,70.59972805,-0.158957258,NA,65.97149024,1.649359194
18,2014/5/11 9:52,96,96,90,0.011111111,0.105409255,689.6808785,231.1600483,2192.97677,697.4301019,1.536196605,NA,714.0472871,48,48,48,48,44,46,0.022727273,0,0.150755672,0,570.3333873,801.2448377,111.5259109,257.9774223,2192.97677,2192.97677,583.5969544,801.2448377,1.881220516,1.302321353,NA,NA,620.1737684,801.2448377,0,0,2,-0.022727273,-0.150755672,230.9114505,146.4515114,0,217.6478833,-0.578899164,NA,181.0710693,1.639773739
19,2014/5/11 9:45,96,96,96,0.145833333,0.35479176,745.5811363,234.8961804,662.0677447,872.8754766,1.118236717,NA,842.1326824,48,48,48,48,48,48,0.104166667,0.1875,0.308709278,0.39444278,677.812661,820.3002244,155.5108584,282.7657591,662.0677447,662.0677447,756.6280867,1009.600276,1.27920678,0.981992967,NA,NA,746.7780511,944.4379266,0,0,0,0.083333333,0.085733501,142.4875634,127.2549007,0,252.9721895,-0.297213813,NA,197.6598755,1.442953119
20,2014/5/11 9:36,96,96,93,0.064516129,0.247001655,563.3434985,146.9770887,595.0449545,602.1947742,1.676758859,NA,601.7334955,48,48,48,48,46,47,0.043478261,0.085106383,0.206184571,0.282056673,532.3155415,595.0930358,124.284678,162.4134744,595.0449545,595.0449545,556.5117024,650.4505275,1.880465417,1.502626286,NA,NA,558.1870612,645.7351596,0,0,1,0.041628122,0.075872102,62.77749437,38.12879638,0,93.9388251,-0.377839131,NA,87.5480984,1.72832677
21,2014/5/17 10:05,96,96,95,0.084210526,0.279176521,591.9581524,192.4233069,689.2531882,646.3910859,1.56394022,NA,650.0005261,48,48,48,48,47,48,0.063829787,0.104166667,0.247092248,0.308709278,516.1051642,669.5751635,131.1303204,214.514725,689.2531882,689.2531882,551.2941527,747.4327407,1.847075345,1.347738634,NA,NA,560.1000486,741.3723706,0,0,1,0.040336879,0.06161703,153.4699993,83.38440465,0,196.138588,-0.499336711,NA,181.2723221,1.6311109
22,2014/5/11 10:09,96,96,95,0,0,1056.072891,328.6702397,Inf,1056.072891,0.95687175,NA,NA,48,48,48,48,48,47,0,0,0,0,1067.050353,1044.861866,393.806759,249.0695508,Inf,Inf,1067.050353,1044.861866,0.937162897,0.97742738,NA,NA,NA,NA,0,0,-1,0,0,-22.18848723,-144.7372081,NA,-22.18848723,0.040264483,NA,NA,1.54205635
23,2007/1/1 2:01,96,96,89,0.011235955,0.105999788,729.0700124,167.6935948,1582.018209,737.3548989,1.465503841,NA,746.8454979,48,48,48,48,45,44,0,0.022727273,0,0.150755672,624.6605046,838.3357763,101.2852927,153.6243269,1582.018209,1582.018209,624.6605046,857.8319572,1.707594219,1.280151676,NA,NA,624.6605046,874.2907356,0,0,-1,0.022727273,0.150755672,213.6752717,52.33903421,0,233.1714526,-0.427442543,NA,249.630231,1.61127894
24,2014/5/10 9:55,96,96,88,0.011363636,0.106600358,644.5134378,149.7978073,1405.227992,651.9216382,1.661930676,NA,660.4819377,48,48,48,48,43,45,0.023255814,0,0.15249857,0,574.2422738,710.0998574,88.58158887,165.6326555,1405.227992,1405.227992,587.9147089,710.0998574,1.869445331,1.502136151,NA,NA,606.9219946,710.0998574,0,0,2,-0.023255814,-0.15249857,135.8575836,77.05106662,0,122.1851486,-0.36730918,NA,103.1778629,1.714044167
25,2014/5/10 9:52,96,96,94,0.063829787,0.245760205,879.953278,266.5537371,1084.609029,939.9500924,1.093661417,NA,949.1836416,48,48,48,48,47,47,0.042553191,0.085106383,0.204029709,0.282056673,815.3981722,947.5109468,253.0070992,266.4175406,1084.609029,1084.609029,851.638091,1035.6515,1.2055765,0.996910484,NA,NA,861.5517479,1039.818098,0,0,0,0.042553191,0.078026964,132.1127747,13.41044141,0,184.0134091,-0.208666015,NA,178.2663504,1.440222502
26,2014/5/18 9:46,96,96,94,0,0,688.842811,172.0167292,Inf,688.842811,1.482597451,NA,NA,48,48,48,48,46,48,0,0,0,0,619.2966536,755.4912118,130.0508343,181.895994,Inf,Inf,619.2966536,755.4912118,1.6849409,1.323642134,NA,NA,NA,NA,0,0,2,0,0,136.1945582,51.84515969,NA,136.1945582,-0.361298766,NA,NA,1.743537761
27,2014/5/18 10:24,96,96,92,0.010869565,0.104257207,988.8254445,307.9886585,2954.123434,999.6916582,1.044930098,NA,1020.935482,48,48,48,48,44,48,0,0.020833333,0,0.144337567,881.4665296,1089.331663,237.3423807,334.045333,2954.123434,2954.123434,881.4665296,1112.508932,1.237606936,0.901581017,NA,NA,881.4665296,1150.875901,0,0,4,0.020833333,0.144337567,207.865133,96.70295225,0,231.0424024,-0.336025919,NA,269.4093712,1.449666288
28,2014/5/18 9:54,96,96,92,0.054347826,0.227944973,1196.423847,469.9336268,2061.609962,1265.183839,0.824235239,NA,1308.467867,48,48,48,48,44,48,0.045454545,0.0625,0.210707055,0.244623027,991.738433,1387.463568,302.8523925,518.5111438,2061.609962,2061.609962,1038.964073,1479.961139,1.039683483,0.680157572,NA,NA,1085.447977,1516.31419,0,0,4,0.017045455,0.033915972,320.85295473124995,215.6587513,0,440.9970662,-0.359525911,NA,430.8662136,1.2160593
29,2014/5/17 10:08,96,96,94,0.063829787,0.245760205,662.1799731,147.017931,598.2169943,707.3286076,1.452273558,NA,700.3640366,48,48,48,48,48,46,0.041666667,0.086956522,0.201940937,0.284884925,609.4733013,719.9063279,118.1168842,154.9881276,598.2169943,598.2169943,635.9721405,788.4688354,1.573668939,1.343891325,NA,NA,634.3990094,771.925197,0,0,-2,0.045289855,0.082943988,110.4330266,36.87124339,0,152.4966949,-0.229777614,NA,137.5261876,1.610914012
30,2014/5/17 9:58,96,96,92,0.054347826,0.227944973,642.0139506,132.8620819,582.869103,678.9113041,1.526907331,NA,673.6916193,48,48,48,48,44,48,0,0.104166667,0,0.308709278,582.3418059,703.0738196,66.28868924,155.2386455,582.869103,582.869103,582.3418059,784.8265894,1.873314057,1.265653169,NA,NA,582.3418059,763.7893512,0,0,4,0.104166667,0.308709278,120.7320137,88.94995625,0,202.4847835,-0.607660887,NA,181.4475453,1.63842458
31,2014/5/17 9:43,96,96,95,0.010526316,0.102597835,1000.24891,314.2669656,3063.095483,1010.889856,0.999373946,NA,1032.49202,48,48,48,48,47,48,0,0.020833333,0,0.144337567,843.7481771,1156.749642,166.3593804,349.2122512,3063.095483,3063.095483,843.7481771,1181.361337,1.210404506,0.848324184,NA,NA,843.7481771,1220.564132,0,0,1,0.020833333,0.144337567,313.0014652,182.8528708,0,337.6131597,-0.362080322,NA,376.8159544,1.413417406
32,2014/5/17 10:18,96,96,95,0,0,603.9435453,162.9762756,Inf,603.9435453,1.673213206,NA,NA,48,48,48,48,47,48,0,0,0,0,565.0809683,641.9964853,132.0916153,181.8143035,Inf,Inf,565.0809683,641.9964853,1.807310196,1.557640926,NA,NA,NA,NA,0,0,1,0,0,76.91551709,49.72268822,NA,76.91551709,-0.24966927,NA,NA,1.844681967
33,2014/5/17 10:05,96,96,86,0.011627907,0.107832773,608.8215347,162.1521972,1503.737615,615.98414090000006,1.803155124,NA,626.3068558,48,48,48,48,40,46,0,0.02173913,0,0.147441956,549.2705508,661.7557425,86.44171051,193.6069935,1503.737615,1503.737615,549.2705508,676.4614257,2.184715707,1.530216588,NA,NA,549.2705508,694.4456906,0,0,6,0.02173913,0.147441956,112.4851917,107.165283,0,127.1908748,-0.65449912,NA,145.1751398,1.757064796
34,2014/5/17 10:00,96,96,90,0.022222222,0.148231354,874.5046588,185.9523273,1254.473647,894.3797647,1.189963222,NA,902.3818509,48,48,48,48,45,45,0.022222222,0.022222222,0.149071198,0.149071198,762.4402904,986.5690271,146.4566495,151.0303733,1254.473647,1254.473647,779.7684788,1008.99105,1.369345564,1.052135016,NA,NA,790.3174826,1014.446219,0,0,0,0,0,224.1287367,4.573723867,0,229.2225717,-0.317210548,NA,224.1287367,1.482468401
35,2014/5/17 10:04,96,96,96,0,0,609.2226379,119.403788,Inf,609.2226379,1.64143605,NA,NA,48,48,48,48,48,48,0,0,0,0,566.8801641,651.5651116,94.79407453,127.1609041,Inf,Inf,566.8801641,651.5651116,1.764041262,1.534766031,NA,NA,NA,NA,0,0,0,0,0,84.68494744,32.36682952,NA,84.68494744,-0.229275231,NA,NA,1.835489625
36,2014/5/17 10:15,96,96,92,0.065217391,0.248261995,696.26745,194.0880578,781.7872317,744.8442489,1.397249692,NA,747.2535739,48,48,48,48,46,46,0.065217391,0.065217391,0.249637418,0.249637418,645.6707887,746.8641114,159.6528813,213.3219742,781.7872317,781.7872317,690.7175879,798.9709099,1.505876109,1.303240407,NA,NA,696.6569125,797.8502352,0,0,0,0,0,101.1933228,53.66909289,0,108.253322,-0.202635702,NA,101.1933228,1.586274583
37,2014/5/17 10:18,96,96,91,0.021978022,0.147423952,854.2883825,212.4065138,1440.786998,873.4858742,1.214091468,NA,885.9540308,48,48,48,48,47,44,0,0.045454545,0,0.210707055,841.1752281,868.9626266,216.4067428,209.4628496,1440.786998,1440.786998,841.1752281,910.3417993,1.214106837,1.21407543,NA,NA,841.1752281,934.4529447,0,0,-3,0.045454545,0.210707055,27.78739851,-6.943893199,0,69.1665712,-3.14e-5,NA,93.27771659,1.561865172
38,2014/5/17 9:46,96,96,91,0.032967033,0.1795395,594.1961323,72.13869817,401.7984788,614.4528186,1.718629013,NA,607.442236,48,48,48,48,48,43,0.041666667,0.023255814,0.201940937,0.15249857,612.3359172,574.3287487,73.28836711,66.13541995,401.7984788,401.7984788,638.959218,588.0032427,1.560961341,1.907167163,NA,NA,629.0775205,583.6728994,0,0,-5,-0.018410853,-0.049442366,-38.00716851,-7.15294716,0,-50.95597524,0.346205822,NA,-45.40462113,1.797652124
39,2014/5/17 9:44,96,96,90,0.066666667,0.250841281,795.0807922,278.3202263,1109.547141,851.8722774,1.231255085,NA,869.0506016,48,48,48,48,44,46,0.068181818,0.065217391,0.254971706,0.249637418,661.6325436,922.3221456,133.8338461,319.4700588,1109.547141,1109.547141,710.0446809,986.6702022,1.487776048,1.050183433,NA,NA,737.283485,994.6839156,0,0,2,-0.002964427,-0.005334288,260.689602,185.6362127,0,276.6255213,-0.437592615,NA,257.4004306,1.453307059
40,2014/5/25 10:24,96,96,91,0,0,668.3481264,195.5148721,Inf,668.3481264,1.56199442,NA,NA,48,48,48,48,43,48,0,0,0,0,585.4243034,742.6340512,126.2753547,216.8473186,Inf,Inf,585.4243034,742.6340512,1.867061633,1.346558239,NA,NA,NA,NA,0,0,5,0,0,157.2097478,90.57196385,NA,157.2097478,-0.520503394,NA,NA,1.754202822
41,2014/5/25 10:03,96,96,91,0.032967033,0.1795395,795.4733511,248.6097147,1384.707622,822.5917608,1.262141954,NA,841.1230529,48,48,48,48,47,44,0,0.068181818,0,0.254971706,727.7899753,873.0616112,163.5062909,303.5327952,1384.707622,1384.707622,727.7899753,936.9441681,1.4032573,1.137367336,NA,NA,727.7899753,967.4734945,0,0,-3,0.068181818,0.254971706,145.2716359,140.0265044,0,209.1541928,-0.265889964,NA,239.6835192,1.537434467
42,2014/5/18 10:15,96,96,93,0,0,772.8020792,260.0727971,Inf,772.8020792,1.335734067,NA,NA,48,48,48,48,45,48,0,0,0,0,713.7696251,828.1450049,161.4679363,318.6302491,Inf,Inf,713.7696251,828.1450049,1.494413084,1.207518,NA,NA,NA,NA,0,0,3,0,0,114.3753798,157.1623128,NA,114.3753798,-0.286895084,NA,NA,1.686486715
43,2014/5/18 9:59,96,96,91,0.054945055,0.229135446,765.5332188,185.71325,810.4955101,810.0409641,1.29806399,NA,810.0659391,48,48,48,48,47,44,0.085106383,0.022727273,0.282056673,0.150755672,752.4978999,778.5685377,182.4121378,190.204838,810.4955101,810.4955101,822.4977045,796.6747828,1.241125824,1.356314941,NA,NA,821.4762412,796.9888902,0,0,-3,-0.06237911,-0.131301001,26.07063781,7.792700189,0,-25.82292177,0.115189117,NA,-24.48735098,1.57421504
44,2014/5/18 9:44,96,96,91,0.043956044,0.20613307,800.4709954,203.0387937,984.9889386,837.2742596,1.274521,NA,843.7672125,48,48,48,48,46,45,0.086956522,0,0.284884925,0,797.4695643,803.2723312,195.8703679,211.6828626,984.9889386,984.9889386,873.4190466,803.2723312,1.220976611,1.327901666,NA,NA,883.1207763,803.2723312,0,0,-1,-0.086956522,-0.284884925,5.802766929,15.81249468,0,-70.14671538,0.106925055,NA,-79.84844512,1.570964543
45,2014/5/18 9:45,96,96,93,0.032258065,0.177642344,568.9964835,145.2723031,817.7797035,587.963033,1.734922706,NA,595.376474,48,48,48,48,47,46,0,0.065217391,0,0.249637418,526.0630649,615.9237086,106.8340163,167.0408604,817.7797035,817.7797035,526.0630649,658.8951301,1.941357727,1.554587122,NA,NA,526.0630649,669.2571675,0,0,-1,0.065217391,0.249637418,89.86064369,60.20684405,0,132.8320652,-0.386770605,NA,143.1941026,1.755478223
46,2014/5/18 10:02,96,96,90,0.044444444,0.207234932,761.6685815,273.0254014,1317.468047,797.0950271,1.350425886,NA,820.2227169,48,48,48,48,44,46,0.045454545,0.043478261,0.210707055,0.206184571,671.3135695,847.9165474,187.1124941,313.6616802,1317.468047,1317.468047,703.2808824,886.4582087,1.55655865,1.192504302,NA,NA,731.1984808,905.1977669,0,0,2,-0.001976285,-0.004522484,176.6029779,126.5491861,0,183.1773263,-0.364054348,NA,173.9992861,1.536601152
47,2014/7/24 9:45,96,96,89,0.04494382,0.208354612,655.7609753,112.9542454,542.1250055,686.6203153,1.554001092,NA,680.126144,48,48,48,48,48,41,0.041666667,0.048780488,0.201940937,0.21808479,630.8982794,685.0862063,121.3142955,95.62558321,542.1250055,542.1250055,658.3286393,720.2188323,1.508470569,1.603474658,NA,NA,653.4868213,711.5313285,0,0,-7,0.007113821,0.016143853,54.18792693,-25.6887123,0,61.89019292,0.095004089,NA,58.04450726,1.668323808
48,2014/5/18 10:01,96,96,94,0.021276596,0.145078652,574.6233246,115.2039944,794.0795776,587.115136,1.748419871,NA,591.5186348,48,48,48,48,48,46,0.041666667,0,0.201940937,0,524.9346553,624.3119939,86.64545725,119.5146785,794.0795776,794.0795776,547.7579012,624.3119939,1.836732224,1.671405116,NA,NA,558.0213043,624.3119939,0,0,-2,-0.041666667,-0.201940937,99.37733864,32.86922127,0,76.55409276,-0.165327108,NA,66.29068957,1.768844441
49,2014/5/18 9:48,96,96,89,0.02247191,0.149052164,730.7081768,242.6490197,1627.94698,747.5060659,1.414206139,NA,767.291255,48,48,48,48,43,46,0,0.043478261,0,0.206184571,647.3692622,812.1530251,170.3681472,275.0888858,1627.94698,1627.94698,647.3692622,849.0690717,1.724331282,1.19073788,NA,NA,647.3692622,882.9333286,0,0,3,0.043478261,0.206184571,164.7837629,104.7207386,0,201.6998095,-0.533593402,NA,235.5640663,1.602807998
50,2014/5/18 10:18,96,96,93,0.043010753,0.20398095,736.6568128,216.0184738,1059.012978,769.7649841,1.331426748,NA,782.2057581,48,48,48,48,46,47,0.043478261,0.042553191,0.206184571,0.204029709,678.1050408,793.9074342,162.5136142,246.4489695,1059.012978,1059.012978,708.9279972,829.1922091,1.477659048,1.211531044,NA,NA,724.1490833,838.9718163,0,0,1,-9.25069e-4,-0.002154862,115.8023934,83.93535527,0,120.2642119,-0.266128004,NA,114.822733,1.579726306
51,2014/5/18 10:06,96,96,94,0.010638298,0.103142125,1049.730658,306.966302,2976.148719,1061.018084,0.955065834,NA,1081.391814,48,48,48,48,47,47,0,0.021276596,0,0.145864991,983.2976362,1117.607875,292.4245576,309.6981729,2976.148719,2976.148719,983.2976362,1141.903698,1.038624073,0.882552971,NA,NA,983.2976362,1180.930188,0,0,0,0.021276596,0.145864991,134.3102388,17.27361531,0,158.6060622,-0.156071101,NA,197.632552,1.434457554
52,2014/5/24 9:43,96,96,93,0.021505376,0.145847942,644.9709368,172.6010726,1183.431662,659.1461223,1.570270075,NA,670.4210801,48,48,48,48,47,46,0.021276596,0.02173913,0.145864991,0.147441956,600.2791412,690.6558835,144.0076933,188.4255017,1183.431662,1183.431662,613.3286878,706.003792,1.672867238,1.479530292,NA,NA,625.4585383,716.3826587,0,0,-1,4.62535e-4,0.001576965,90.37674225,44.41780841,0,92.67510422,-0.193336946,NA,90.92412044,1.705591586
53,2014/5/24 10:01,96,96,89,0.08988764,0.287641247,550.4957597,93.95085829,326.6251246,604.8657112,1.802574765,NA,579.8553214,48,48,48,48,45,44,0.155555556,0.022727273,0.3665289,0.150755672,543.7528702,556.4545922,85.34312084,101.5825908,326.6251246,326.6251246,643.9178726,569.3953967,1.678470223,1.926857141,NA,NA,594.5612229,563.8778905,0,0,-1,-0.132828283,-0.215773227,12.70172199,16.23946999,0,-74.52247595,0.248386919,NA,-30.68333244,1.739682799
54,2014/5/24 10:04,96,96,95,0.021052632,0.144321403,762.0857557,234.6907964,1626.167645,778.4746966,1.294712691,NA,796.320864,48,48,48,48,47,48,0,0.041666667,0,0.201940937,712.8606755,812.3809463,218.1734851,242.5561123,1626.167645,1626.167645,712.8606755,847.701857,1.43264544,1.176514864,NA,NA,712.8606755,880.1379315,0,0,1,0.041666667,0.201940937,99.52027084,24.38262718,0,134.8411815,-0.256130576,NA,167.2772561,1.605730361
55,2014/5/24 10:28,96,96,96,0.020833333,0.143575886,1250.106494,428.5068911,2984.532449,1276.704504,0.785735283,NA,1312.284253,48,48,48,48,48,48,0.020833333,0.020833333,0.144337567,0.144337567,1145.988807,1354.224181,387.3791981,446.1087941,2984.532449,2984.532449,1170.371547,1383.037461,0.86028741500000006,0.723074004,NA,NA,1208.166566,1416.40194,0,0,0,0,0,208.2353737,58.72959603,0,212.6659136,-0.137213411,NA,208.2353737,1.288706605
56,2014/5/18 10:09,96,96,92,0.02173913,0.146629598,880.3441613,338.8491591,2310.919246,899.9073649,1.147000638,NA,930.5815362,48,48,48,48,45,47,0,0.042553191,0,0.204029709,735.9437111,1024.744612,201.974191,385.7494957,2310.919246,2310.919246,735.9437111,1070.288817,1.449386211,0.938212084,NA,NA,735.9437111,1123.081601,0,0,2,0.042553191,0.204029709,288.8009005,183.7753047,0,334.3451055,-0.511174127,NA,387.1378897,1.459927966
57,2014/5/18 9:55,96,96,90,0.011111111,0.105409255,855.0717785,266.1139959,2524.579033,864.6793265,1.231705291,NA,883.1226566,48,48,48,48,44,46,0.022727273,0,0.150755672,0,747.4673211,955.6585538,193.4559911,286.6165699,2524.579033,2524.579033,764.850282,955.6585538,1.417005125,1.091894439,NA,NA,804.8441173,955.6585538,0,0,2,-0.022727273,-0.150755672,208.1912327,93.16057881,0,190.8082718,-0.325110685,NA,150.8144365,1.530273322
58,2014/5/24 10:42,96,96,92,0.043478261,0.205048559,1001.079995,314.5509187,1534.031353,1046.583631,1.01170174,NA,1067.77701,48,48,48,48,48,44,0.020833333,0.068181818,0.144337567,0.254971706,965.6796024,1041.6609330000001,303.1321125,326.1388388,1534.031353,1534.031353,986.225977,1117.880026,1.017530897,1.005684391,NA,NA,997.638589,1146.25398,0,0,-4,0.047348485,0.110634139,75.98133048,23.00672622,0,131.6540486,-0.011846506,NA,148.6153908,1.410237094
59,2014/5/10 9:54,96,96,89,0.033707865,0.18149869800000001,898.3540655,276.8367255,1525.282158,929.6919981,1.125118799,NA,949.7680709,48,48,48,48,48,41,0.041666667,0.024390244,0.201940937,0.156173762,946.1326116,843.4087376,313.0133212,219.5292473,1525.282158,1525.282158,987.2688121,864.493956,1.008715117,1.279479472,NA,NA,1009.686035,880.6107415,0,0,-7,-0.017276423,-0.045767175,-62.87632141874998,-93.4840739,0,-122.774856,0.270764355,NA,-129.0752934,1.55759071
60,2014/5/10 10:04,96,96,90,0.011111111,0.105409255,593.6533842,120.6717995,1144.793207,600.323647,1.77596626,NA,606.3733087,48,48,48,48,44,46,0,0.02173913,0,0.147441956,570.4975857,616.2946094,83.74605281,145.6327362,1144.793207,1144.793207,570.4975857,629.9900452,1.912206323,1.65550589,NA,NA,570.4975857,641.1814183,0,0,2,0.02173913,0.147441956,45.79702372,61.88668341,0,59.49245948,-0.256700434,NA,70.68383257,1.802837783
61,2014/5/25 10:11,96,96,92,0.076086957,0.266590011,647.2799116,170.3200763,638.8839381,700.585316,1.508092601,NA,695.890646,48,48,48,48,47,45,0.085106383,0.066666667,0.282056673,0.25226249,600.0760035,695.6077222,164.0091986,164.7676879,638.8839381,638.8839381,655.8970271,745.2939881,1.587239659,1.437981663,NA,NA,654.4491046,738.1999847,0,0,-2,-0.018439716,-0.029794183,95.53171868,0.758489271,0,89.39696097,-0.149257996,NA,83.75088011,1.616937919
62,2014/5/24 10:00,96,96,89,0.056179775,0.231573205,744.8918761,196.7236179,849.5094162,789.2306783,1.366777753,NA,792.6171242,48,48,48,48,42,47,0,0.106382979,0,0.311660528,642.5762281,847.2075241,86.38449539,222.3383632,849.5094162,849.5094162,642.5762281,948.0655627,1.778554968,1.086084786,NA,NA,642.5762281,937.5808663,0,0,5,0.106382979,0.311660528,204.631296,135.9538678,0,305.4893346,-0.692470182,NA,295.0046381,1.520003564
63,2014/5/24 10:20,96,96,93,0.032258065,0.177642344,880.4783741,275.020119,1548.16759,909.8276532,1.13691757,NA,930.419264,48,48,48,48,46,47,0,0.063829787,0,0.247092248,761.7110735,1004.644188,205.2920448,285.6195763,1548.16759,1548.16759,761.7110735,1073.142656,1.369913471,0.962331847,NA,NA,761.7110735,1103.463396,0,0,1,0.063829787,0.247092248,242.9331149,80.32753141,0,311.4315822,-0.407581625,NA,341.7523227,1.451480407
64,2014/5/24 10:02,96,96,91,0.120879121,0.327792781,1034.263731,297.4689944,907.4909863,1176.474994,0.892505112,NA,1143.960444,48,48,48,48,45,46,0.044444444,0.195652174,0.208409077,0.401085484,950.0410944,1132.144092,294.8707201,272.8038516,907.4909863,907.4909863,994.2290523,1407.530493,1.072219051,0.741963945,NA,NA,990.3740271,1309.696677,0,0,1,0.151207729,0.192676407,182.1029981,-22.06686843,0,413.301441,-0.330255106,NA,319.3226496,1.266148867
65,2014/5/24 10:01,96,96,91,0.043956044,0.20613307,694.9275344,184.8939159,896.9638689,726.8782256,1.404818399,NA,734.3545177,48,48,48,48,47,44,0,0.090909091,0,0.290803363,709.2468198,678.102374,209.4860006,151.9390291,896.9638689,896.9638689,709.2468198,745.9126114,1.439945259,1.367577673,NA,NA,709.2468198,759.6445439,0,0,-3,0.090909091,0.290803363,-31.14444584,-57.54697157,0,36.66579156,-0.072367586,NA,50.39772406,1.676215903
66,2014/5/24 10:19,96,96,89,0.011235955,0.105999788,880.9354503,280.1111478,2642.563283,890.9460804,1.207405753,NA,910.6271726,48,48,48,48,46,43,0.02173913,0,0.147441956,0,865.3755323,897.2190854,326.6428694,224.1021577,2642.563283,2642.563283,884.6060996,897.2190854,1.172050279,1.244154397,NA,NA,922.8225602,897.2190854,0,0,-3,-0.02173913,-0.147441956,31.84355315,-102.5407117,0,12.61298577,0.072104118,NA,-25.60347475,1.569101875
67,2014/5/24 10:23,96,96,86,0.023255814,0.151598866,630.8035885,141.2980807,932.0523595,645.8227216,1.710921684,NA,652.4792248,48,48,48,48,46,40,0,0.05,0,0.220721428,548.9124432,729.934975,99.78391047,119.360843,932.0523595,932.0523595,548.9124432,768.3526053,1.861388174,1.580392443,NA,NA,548.9124432,776.537593,0,0,-6,0.05,0.220721428,181.0225319,19.57693253,0,219.4401622,-0.280995732,NA,227.6251499,1.667455679
68,2014/5/24 10:15,96,96,86,0.023255814,0.151598866,876.8533609,210.921706,1391.314538,897.7308218,1.244232308,NA,909.2095129,48,48,48,48,45,41,0.022222222,0.024390244,0.149071198,0.156173762,822.6174943,936.5128141,202.8031917,205.8223716,1391.314538,1391.314538,841.3133464,959.9256345,1.271827237,1.217809408,NA,NA,853.5355951,970.447315,0,0,-4,0.002168022,0.007102563,113.8953199,3.019179903,0,118.6122881,-0.054017829,NA,116.9117199,1.512614198
69,2014/5/24 9:52,96,96,90,0.011111111,0.105409255,904.3840967,297.7111685,2824.336132,914.5457157,1.169133234,NA,935.7656093,48,48,48,48,43,47,0,0.021276596,0,0.145864991,705.4184745,1090.3737,133.0137841,289.1760669,2824.336132,2824.336132,705.4184745,1114.077476,1.582435264,0.922947912,NA,NA,705.4184745,1150.465958,0,0,4,0.021276596,0.145864991,320.85295473124995,156.1622828,0,408.6590017,-0.659487352,NA,445.0474837,1.448334733
70,2014/5/24 10:31,96,96,92,0.076086957,0.266590011,682.7349446,226.5321963,849.7400004,738.9601753,1.410324631,NA,747.389075,48,48,48,48,46,46,0.065217391,0.086956522,0.249637418,0.284884925,630.3173707,736.4005559,176.2701331,259.7615562,849.7400004,849.7400004,674.2930012,806.5339422,1.534243776,1.302714509,NA,NA,685.7351968,810.2909907,0,0,0,0.02173913,0.035247506,106.0831852,83.49142315,0,132.240941,-0.231529267,NA,124.555794,1.581529084
71,2007/1/1 2:04,96,96,91,0.032967033,0.1795395,747.380432,272.8989131,1519.993719,772.8593104,1.373391407,NA,797.4901151,48,48,48,48,44,47,0.045454545,0.021276596,0.210707055,0.145864991,654.3302881,832.3392591,177.4285379,315.9756599,1519.993719,1519.993719,685.4888732,850.4335908,1.599833064,1.206285521,NA,NA,723.4209117,864.679551,0,0,3,-0.02417795,-0.064842063,178.008971,138.547122,0,164.9447175,-0.393547544,NA,141.2586393,1.567113156
72,2014/5/24 10:20,96,96,95,0.073684211,0.262642272,650.9976575,194.0024807,738.6567256,702.7815621,1.437447454,NA,705.4249952,48,48,48,48,48,47,0.0625,0.085106383,0.244623027,0.282056673,593.2272798,711.4550295,139.551574,224.1480547,738.6567256,738.6567256,632.7757651,777.6368927,1.593573369,1.306534218,NA,NA,639.3933252,774.3194317,0,0,-1,0.022606383,0.037433645,118.2277497,84.5964807,0,144.8611276,-0.287039151,NA,134.9261066,1.605847383
73,2014/5/24 10:06,96,96,94,0.021276596,0.145078652,1299.952125,430.8279962,2969.616767,1328.211953,0.772120508,NA,1363.13546,48,48,48,48,47,47,0.021276596,0.021276596,0.145864991,0.145864991,1146.244676,1453.659573,365.8482531,439.5489796,2969.616767,2969.616767,1171.163039,1485.260868,0.873767308,0.691658704,NA,NA,1209.428012,1516.842908,0,0,0,0,0,307.4148969,73.70072655,0,314.0978295,-0.182108604,NA,307.4148969,1.243698824
74,2014/5/24 10:03,96,96,95,0.052631579,0.224481485,706.6273132,208.3852068,928.2957409,745.8843861,1.334009447,NA,755.4849838,48,48,48,48,47,48,0,0.104166667,0,0.308709278,635.1844773,784.7159942,174.1390707,216.4513063,928.2957409,928.2957409,635.1844773,875.9620401,1.607842496,1.120908531,NA,NA,635.1844773,881.4134672,0,0,1,0.104166667,0.308709278,149.5315169,42.31223561,0,240.7775627,-0.486933965,NA,246.2289899,1.572592727
75,2014/5/25 10:09,96,96,92,0.054347826,0.227944973,692.5109914,209.6042364,919.5387543,732.3104736,1.394070412,NA,742.4859237,48,48,48,48,45,47,0,0.106382979,0,0.311660528,638.071946,750.83854,144.7910866,250.834293,919.5387543,919.5387543,638.071946,840.2240805,1.671702813,1.176044712,NA,NA,638.071946,848.6618118,0,0,2,0.106382979,0.311660528,112.7665941,106.0432064,0,202.1521346,-0.495658101,NA,210.5898658,1.597585016
76,2007/1/1 2:14,96,96,96,0.041666667,0.200875278,605.5312628,156.0883583,777.0411574,631.8587091,1.576325179,NA,637.9079777,48,48,48,48,48,48,0.020833333,0.0625,0.144337567,0.244623027,559.8809656,653.2104621,94.41678317,191.095683,777.0411574,777.0411574,571.7933266,696.7578263,1.746044291,1.431042643,NA,NA,576.0693231,701.7755345,0,0,0,0.041666667,0.10028546,93.3294965,96.67889983,0,124.9644997,-0.315001647,NA,125.7062114,1.703053344
77,2014/7/25 9:35,96,96,88,0.022727273,0.149886756,718.925982,185.4825564,1237.484625,735.6451909,1.439342746,NA,747.0506326,48,48,48,48,44,44,0.022727273,0.022727273,0.150755672,0.150755672,689.3794161,748.4725479,175.5898938,192.3728507,1237.484625,1237.484625,705.4114956,765.8788863,1.539046849,1.348125519,NA,NA,717.5040667,776.5971985,0,0,0,0,0,59.09313181,16.78295694,0,60.46739069,-0.190921329,NA,59.09313181,1.652995717
78,2014/5/25 9:51,96,96,90,0,0,964.3962098,283.4093121,Inf,964.3962098,1.1060461,NA,NA,48,48,48,48,44,46,0,0,0,0,885.286312,1040.066547,258.5887539,288.0763743,Inf,Inf,885.286312,1040.066547,1.232266981,1.003280284,NA,NA,NA,NA,0,0,2,0,0,154.7802348,29.48762032,NA,154.7802348,-0.228986697,NA,NA,1.544914486
79,2014/5/25 9:46,96,96,95,0.021052632,0.144321403,682.1258776,189.3529892,1312.022923,696.7952513,1.452583692,NA,709.7474128,48,48,48,48,47,48,0,0.041666667,0,0.201940937,583.2806109,783.1199545,118.9676149,195.4577749,1312.022923,1312.022923,583.2806109,817.1686482,1.750918129,1.233307138,NA,NA,583.2806109,837.7875763,0,0,1,0.041666667,0.201940937,199.8393436,76.49015992,0,233.8880373,-0.51761099,NA,254.5069654,1.628523097
80,2014/5/25 9:44,96,96,93,0.010752688,0.103695169,908.4591779,307.8961723,2969.243156,918.3337342,1.126387715,NA,940.3865236,48,48,48,48,47,46,0.021276596,0,0.145864991,0,859.9634967,956.954859,297.1743924,313.9840222,2969.243156,2969.243156,878.6583553,956.954859,1.165660584,1.090415343,NA,NA,923.138883,956.954859,0,0,-1,-0.021276596,-0.145864991,96.99136233,16.8096298,0,78.2965037,-0.075245241,NA,33.81597603,1.530528317
81,2014/5/25 9:40,96,96,93,0.053763441,0.226772794,826.4231119,386.0251951,1702.255323,873.3789705,1.120326035,NA,917.9422153,48,48,48,48,46,47,0.02173913,0.085106383,0.147441956,0.282056673,683.698526,975.7860506,207.5528828,467.8456273,1702.255323,1702.255323,698.8918266,1066.556846,1.48135698,0.884662787,NA,NA,720.7040765,1120.658844,0,0,1,0.063367253,0.134614717,292.0875246,260.2927445,0,367.6650194,-0.596694193,NA,399.9547675,1.435585125
82,2014/5/25 10:03,96,96,89,0.033707865,0.18149869800000001,587.5947205,157.9920341,870.485772,608.0922107,1.759633071,NA,616.9369375,48,48,48,48,44,45,0.022727273,0.044444444,0.150755672,0.208409077,538.9131677,636.2762732,100.5975517,188.5332333,870.485772,870.485772,551.4460321,665.8705185,1.973469303,1.584240186,NA,NA,558.6969353,674.9645297,0,0,1,0.021717172,0.057653405,97.3631055,87.93568165,0,114.4244864,-0.389229117,NA,116.2675945,1.732694601
83,2014/5/25 9:50,96,96,89,0.011235955,0.105999788,720.0251749,141.3050744,1333.069406,728.2072791,1.479898069,NA,735.0034828,48,48,48,48,45,44,0,0.022727273,0,0.150755672,690.0374343,751.4076941,145.2337446,131.4967692,1333.069406,1333.069406,690.0374343,768.8822916,1.545809856,1.418143299,NA,NA,690.0374343,781.704726,0,0,-1,0.022727273,0.150755672,61.37025979,-13.73697548,0,78.84485732,-0.127666556,NA,91.66729174,1.679296683
84,2014/5/10 9:57,96,96,90,0.022222222,0.148231354,834.6123529,282.610948,1906.553102,853.5808155,1.228584353,NA,876.9801997,48,48,48,48,43,47,0,0.042553191,0,0.204029709,762.8347564,903.1998341,225.3005052,315.6320213,1906.553102,1906.553102,762.8347564,943.342049,1.463330112,1.052416555,NA,NA,762.8347564,984.3297534,0,0,4,0.042553191,0.204029709,140.3650778,90.33151609,0,180.5072926,-0.410913557,NA,221.494997,1.53732573
85,2014/5/10 9:41,96,96,91,0.021978022,0.147423952,918.6654835,309.3331745,2098.255877,939.3096517,1.11624649,NA,964.7809973,48,48,48,48,44,47,0,0.042553191,0,0.204029709,773.4132677,1060.689872,179.1975239,343.8960922,2098.255877,2098.255877,773.4132677,1107.831644,1.410512512,0.916688786,NA,NA,773.4132677,1149.977356,0,0,3,0.042553191,0.204029709,287.2766047,164.6985683,0,334.4183768,-0.493823726,NA,376.5640888,1.437986718
86,2007/1/1 2:23,96,96,91,0,0,765.2638862,225.5288026,Inf,765.2638862,1.378537618,NA,NA,48,48,48,48,44,47,0,0,0,0,712.1701575,814.9686535,206.7352184,233.1143244,Inf,Inf,712.1701575,814.9686535,1.531809609,1.253148316,NA,NA,NA,NA,0,0,3,0,0,102.798496,26.37910601,NA,102.798496,-0.278661293,NA,NA,1.696452067
87,2014/5/10 10:09,96,96,91,0.010989011,0.104828484,792.3038168,227.4123922,2169.375958,801.1071926,1.303301599,NA,816.1431131,48,48,48,48,44,47,0,0.021276596,0,0.145864991,674.5232493,904.9634901,127.6109586,245.325294,2169.375958,2169.375958,674.5232493,924.6366095,1.617303914,1.087641268,NA,NA,674.5232493,951.1204254,0,0,3,0.021276596,0.145864991,230.4402408,117.7143354,0,250.1133602,-0.529662646,NA,276.5971761,1.564511649
88,41784.41042,96,96,90,0,0,964.3962098,283.4093121,Inf,964.3962098,1.1060461,NA,NA,48,48,48,48,44,46,0,0,0,0,885.286312,1040.066547,258.5887539,288.0763743,Inf,Inf,885.286312,1040.066547,1.232266981,1.003280284,NA,NA,NA,NA,0,0,2,0,0,154.7802348,29.48762032,NA,154.7802348,-0.228986697,NA,NA,1.544914486
89,41784.42292,96,96,85,0.011764706,0.108465229,752.1518354,155.6250845,1434.792385,761.1060239,1.460459967,NA,769.0317458,48,48,48,48,41,44,0,0.022727273,0,0.150755672,688.4131619,812.9259194,74.16829585,186.7495147,1434.792385,1434.792385,688.4131619,831.8311733,1.665193995,1.297469442,NA,NA,688.4131619,845.5348372,0,0,3,0.022727273,0.150755672,124.5127575,112.5812188,0,143.4180114,-0.367724553,NA,157.1216753,1.628824184
90,2014/5/18 10:07,96,96,95,0.010526316,0.102597835,795.7823968,279.3827816,2723.086516,804.2481669,1.255922509,NA,824.4464654,48,48,48,48,47,48,0,0.020833333,0,0.144337567,714.7494803,876.8153132,228.4916676,303.6111286,2723.086516,2723.086516,714.7494803,895.4709582,1.428859515,1.117759961,NA,NA,714.7494803,933.5462823,0,0,1,0.020833333,0.144337567,162.0658329,75.11946099,0,180.7214779,-0.311099554,NA,218.796802,1.585572502
91,2014/5/18 9:42,96,96,93,0.010752688,0.103695169,544.5137818,111.2126748,1072.496196,550.4324099,1.877775178,NA,556.045999,48,48,48,48,45,48,0,0.020833333,0,0.144337567,504.9236513,582.419226,76.48290694,125.9800652,1072.496196,1072.496196,504.9236513,594.8111244,2.112530605,1.6863877330000001,NA,NA,504.9236513,604.7628967,0,0,3,0.020833333,0.144337567,77.49557471,49.49715825,0,89.88747314,-0.426142872,NA,99.83924547,1.839061942
92,41784.41042,96,96,90,0,0,964.3962098,283.4093121,Inf,964.3962098,1.1060461,NA,NA,48,48,48,48,44,46,0,0,0,0,885.286312,1040.066547,258.5887539,288.0763743,Inf,Inf,885.286312,1040.066547,1.232266981,1.003280284,NA,NA,NA,NA,0,0,2,0,0,154.7802348,29.48762032,NA,154.7802348,-0.228986697,NA,NA,1.544914486
93,41784.42292,96,96,85,0.011764706,0.108465229,752.1518354,155.6250845,1434.792385,761.1060239,1.460459967,NA,769.0317458,48,48,48,48,41,44,0,0.022727273,0,0.150755672,688.4131619,812.9259194,74.16829585,186.7495147,1434.792385,1434.792385,688.4131619,831.8311733,1.665193995,1.297469442,NA,NA,688.4131619,845.5348372,0,0,3,0.022727273,0.150755672,124.5127575,112.5812188,0,143.4180114,-0.367724553,NA,157.1216753,1.628824184
94,2014/5/25 9:54,96,96,89,0.011235955,0.105999788,634.3957649,130.0908215,1227.274356,641.6048077,1.661224236,NA,648.1853644,48,48,48,48,45,44,0,0.022727273,0,0.150755672,595.9589117,674.6203787,117.630239,131.6086566,1227.274356,1227.274356,595.9589117,690.3092247,1.752544385,1.578949621,NA,NA,595.9589117,702.5129777,0,0,-1,0.022727273,0.150755672,78.66146697,13.97841761,0,94.35031299,-0.173594764,NA,106.554066,1.746275497
95,2014/5/25 9:54,96,96,94,0.021276596,0.145078652,895.8425753,323.388398,2229.055719,915.3174139,1.113449377,NA,943.2692927,48,48,48,48,46,48,0.02173913,0.020833333,0.147441956,0.144337567,792.1848581,995.0893258,250.1596914,355.6012403,2229.055719,2229.055719,809.7889661,1016.261439,1.282924273,0.983525234,NA,NA,840.6425911,1041.527987,0,0,2,-9.05797e-4,-0.003104389,202.9044677,105.4415489,0,206.472473,-0.299399039,NA,200.8853955,1.479189108
96,2014/5/25 9:55,96,96,93,0.043010753,0.20398095,906.6725674,250.5655078,1228.376999,947.4218963,1.086924724,NA,959.5059868,48,48,48,48,48,45,0,0.088888889,0,0.287799032,829.368215,997.1752239,251.3547685,219.8192996,1228.376999,1228.376999,829.368215,1094.460612,1.205737068,0.981424274,NA,NA,829.368215,1106.364291,0,0,-3,0.088888889,0.287799032,167.8070089,-31.53546891,0,265.0923966,-0.224312794,NA,276.9960755,1.438087023
97,2014/5/25 10:01,96,96,93,0.064516129,0.247001655,591.7570028,144.7716229,586.1160032,632.5678306,1.611174493,NA,629.5709385,48,48,48,48,45,48,0.066666667,0.0625,0.25226249,0.244623027,558.2230052,623.0554007,135.8360717,147.2967037,586.1160032,586.1160032,598.0960769,664.5924274,1.759659461,1.488372436,NA,NA,597.2974054,659.6876509,0,0,3,-0.004166667,-0.007639462,64.83239553,11.46063203,0,66.49635044,-0.271287025,NA,62.39024551,1.699796508
98,41777.41806,96,96,90,0.044444444,0.207234932,761.6685815,273.0254014,1317.468047,797.0950271,1.350425886,NA,820.2227169,48,48,48,48,44,46,0.045454545,0.043478261,0.210707055,0.206184571,671.3135695,847.9165474,187.1124941,313.6616802,1317.468047,1317.468047,703.2808824,886.4582087,1.55655865,1.192504302,NA,NA,731.1984808,905.1977669,0,0,2,-0.001976285,-0.004522484,176.6029779,126.5491861,0,183.1773263,-0.364054348,NA,173.9992861,1.536601152
99,41844.40625,96,96,89,0.04494382,0.208354612,655.7609753,112.9542454,542.1250055,686.6203153,1.554001092,NA,680.126144,48,48,48,48,48,41,0.041666667,0.048780488,0.201940937,0.21808479,630.8982794,685.0862063,121.3142955,95.62558321,542.1250055,542.1250055,658.3286393,720.2188323,1.508470569,1.603474658,NA,NA,653.4868213,711.5313285,0,0,-7,0.007113821,0.016143853,54.18792693,-25.6887123,0,61.89019292,0.095004089,NA,58.04450726,1.668323808
100,41777.41736,96,96,94,0.021276596,0.145078652,574.6233246,115.2039944,794.0795776,587.115136,1.748419871,NA,591.5186348,48,48,48,48,48,46,0.041666667,0,0.201940937,0,524.9346553,624.3119939,86.64545725,119.5146785,794.0795776,794.0795776,547.7579012,624.3119939,1.836732224,1.671405116,NA,NA,558.0213043,624.3119939,0,0,-2,-0.041666667,-0.201940937,99.37733864,32.86922127,0,76.55409276,-0.165327108,NA,66.29068957,1.768844441
