id,time,NTrial,NResp,NInclude,PE,SPE,MRT,SRT,lisas_weight,IES,RCS,BS,LISAS,NTrial_Repeat,NTrial_Switch,NResp_Repeat,NResp_Switch,NInclude_Repeat,NInclude_Switch,PE_Repeat,PE_Switch,SPE_Repeat,SPE_Switch,MRT_Repeat,MRT_Switch,SRT_Repeat,SRT_Switch,lisas_weight_Repeat,lisas_weight_Switch,IES_Repeat,IES_Switch,RCS_Repeat,RCS_Switch,BS_Repeat,BS_Switch,LISAS_Repeat,LISAS_Switch,NTrial_diff,NResp_diff,NInclude_diff,PE_diff,SPE_diff,MRT_diff,SRT_diff,lisas_weight_diff,IES_diff,RCS_diff,BS_diff,LISAS_diff,NIHScore
1,2014/5/10 9:06,159,159,154,0.097402597,0.297472589,1113.331869,386.897289,1300.614923,1233.475596,0.821033724,NaN,1240.015141,80,79,80,79,79,75,0.037974684,0.16,0.192356372,0.369074811,1007.825082,1240.609897,384.4253302,352.5678012,1300.614923,1300.614923,1047.607651,1476.916545,0.944939277,0.713510311,NaN,NaN,1057.215522,1448.708285,-1,-1,-4,0.122025316,0.176718439,232.7848155,-31.85752899,0,429.3088936,-0.231428966,NaN,391.4927631,1.233300991
2,2014/5/10 9:13,159,159,147,0.06122449,0.240561267,951.2253025,308.9130189,1284.134485,1013.261735,1.059920507,NaN,1029.845781,80,79,80,79,71,76,0.056338028,0.065789474,0.232214429,0.249561018,796.7380026,1097.009092,229.2094949,304.679961,1284.134485,1284.134485,844.3044505,1174.263254,1.305850179,0.891941846,NaN,NaN,869.0836074,1181.491624,-1,-1,5,0.009451446,0.017346589,300.2710899,75.47046605,0,329.9588034,-0.413908332,NaN,312.408017,1.352619729
3,2014/5/25 9:21,159,159,147,0.088435374,0.284897724,1013.765541,453.9556207,1593.39855,1112.115929,0.966193673,NaN,1154.678338,80,79,80,79,72,75,0.041666667,0.133333333,0.201228621,0.342223782,718.3404735,1327.370613,241.8655784,414.8694931,1593.39855,1593.39855,749.572668,1531.581476,1.487266434,0.694615124,NaN,NaN,784.7320797,1539.823753,-1,-1,3,0.091666667,0.140995162,609.0301393,173.0039147,0,782.0088083,-0.79265131,NaN,755.0916731,1.201135175
4,2014/5/25 9:04,159,159,146,0.102739726,0.304663796,769.9692726,230.5048972,756.5877552,858.1336931,1.264703132,NaN,847.7008913,80,79,80,79,71,75,0.070422535,0.133333333,0.257678851,0.342223782,622.8438062,919.3582076,146.9950215,202.4651991,756.5877552,756.5877552,670.0289431,1060.797932,1.687938816,0.993837879,NaN,NaN,676.1246341,1020.236575,-1,-1,4,0.062910798,0.084544931,296.5144014,55.47017757,0,390.7689888,-0.694100937,NaN,344.1119409,1.413842686
5,2014/5/25 9:01,159,159,147,0.027210884,0.163253657,1112.968267,434.142223,2659.310856,1144.100247,0.939035795,NaN,1185.330467,80,79,80,79,72,75,0.013888889,0.04,0.11785113,0.197278785,852.9824893,1369.343132,297.3862045,394.3597026,2659.310856,2659.310856,864.9963272,1426.399095,1.279268662,0.737680223,NaN,NaN,889.9173623,1475.715566,-1,-1,3,0.026111111,0.079427655,516.3606423,96.97349815,0,561.4027682,-0.541588439,NaN,585.7982035,1.268521298
6,2014/5/25 9:04,159,159,150,0.046666667,0.211630508,875.6066867,282.2995842,1333.926694,918.4685525,1.158324215,NaN,937.8565991,80,79,80,79,74,76,0.054054054,0.039473684,0.22766786,0.196012889,708.3006695,1036.037114,215.6380671,243.5179025,1333.926694,1333.926694,748.7749934,1078.613982,1.451465921,0.963694127,NaN,NaN,780.4048151,1088.692115,-1,-1,2,-0.01458037,-0.031654971,327.7364447,27.87983539,0,329.8389885,-0.487771795,NaN,308.2873002,1.408708002
7,2014/5/31 9:15,159,159,152,0.092105263,0.290130438,1026.446723,402.192521,1386.247248,1130.579,0.922055531,NaN,1154.127391,80,79,80,79,75,77,0.013333333,0.168831169,0.115470054,0.377059168,791.7052842,1297.866512,225.9643884,391.195293,1386.247248,1386.247248,802.4040042,1561.495648,1.3342888,0.673127549,NaN,NaN,810.1885808,1531.908256,-1,-1,2,0.155497835,0.261589114,506.1612283,165.2309046,0,759.0916435,-0.661161251,NaN,721.7196748,1.211025109
8,2014/5/31 9:14,159,159,152,0.026315789,0.160601866,1002.924198,392.1387847,2441.682625,1030.030257,1.012112991,NaN,1067.179003,80,79,80,79,78,74,0.012820513,0.040540541,0.113227703,0.198569486,941.9431605,1069.058562,462.16245,287.2175922,2441.682625,2441.682625,954.1761886,1114.23005,1.070329251,0.957952288,NaN,NaN,973.2467839,1168.045695,-1,-1,-4,0.027720028,0.085341783,127.1154011,-174.9448578,0,160.0538616,-0.112376963,NaN,194.7989112,1.424099915
9,2014/5/18 9:23,159,159,152,0.065789474,0.248733284,1044.750404,391.2548535,1572.989535,1118.324376,0.91997765,NaN,1148.236558,80,79,80,79,76,76,0.026315789,0.105263158,0.161136316,0.308931378,902.1937361,1199.885601,362.2748821,363.7117147,1572.989535,1572.989535,926.5773506,1341.048613,1.117812276,0.770221311,NaN,NaN,943.5881976,1365.463447,-1,-1,0,0.078947368,0.147795062,297.6918652,1.436832589,0,414.4712626,-0.347590965,NaN,421.8752495,1.290964764
10,2014/5/18 9:06,159,159,145,0.055172414,0.229107882,1041.287762,368.1897175,1607.058277,1102.092886,1.005959548,NaN,1129.953046,80,79,80,79,71,74,0.042253521,0.067567568,0.20259881,0.25271572,851.3149624,1228.507332,288.6690411,342.5881917,1607.058277,1607.058277,888.8729754,1317.529602,1.274176831,0.825208866,NaN,NaN,919.2188332,1337.09235,-1,-1,3,0.025314046,0.05011691,377.1923694,53.91915067,0,428.6566268,-0.448967965,NaN,417.8735173,1.290508053
11,2014/5/18 9:21,159,159,149,0.087248322,0.283150373,1062.265793,355.7353585,1256.347835,1163.805906,0.928980974,NaN,1171.880034,80,79,80,79,76,73,0.078947368,0.095890411,0.271448357,0.296478572,938.1374892,1193.917025,353.1959957,310.1834973,1256.347835,1256.347835,1018.549274,1320.544588,1.056921624,0.826192116,NaN,NaN,1037.322845,1314.388735,-1,-1,-3,0.016943043,0.025030215,255.7795357,-43.01249845,0,301.9953141,-0.230729508,NaN,277.0658905,1.268306987
12,2014/5/17 9:17,159,159,154,0.12987013,0.337257271,659.677699,196.0102385,581.1890668,758.137057,1.375384782,NaN,735.1567986,80,79,80,79,77,77,0.103896104,0.155844156,0.307126563,0.365085969,597.0861101,726.121078,186.7185391,184.6383196,581.1890668,581.1890668,666.3134851,860.1742001,1.559075148,1.218739033,NaN,NaN,657.4693897,816.6959975,-1,-1,0,0.051948052,0.057959406,129.0349679,-2.08021953,0,193.8607149,-0.340336115,NaN,159.2266078,1.533472024
13,2014/5/11 9:17,159,159,156,0.019230769,0.137777466,1161.659466,385.3675924,2797.029168,1184.437102,0.862469141,NaN,1215.448488,80,79,80,79,78,78,0,0.038461538,0,0.193552415,1032.186851,1296.310985,336.1818409,389.099552,2797.029168,2797.029168,1032.186851,1348.163424,0.993658294,0.7572326,NaN,NaN,1032.186851,1403.88903,-1,-1,0,0.038461538,0.193552415,264.1241339,52.91771107,0,315.9765733,-0.236425694,NaN,371.7021788,1.319504315
14,2007/1/1 1:18,159,159,153,0.026143791,0.160086836,1056.037164,350.5532162,2189.769162,1084.387154,0.965814138,NaN,1113.286031,80,79,80,79,78,75,0.038461538,0.013333333,0.193552415,0.115470054,989.3283435,1123.647454,433.3322412,222.6814412,2189.769162,2189.769162,1028.901477,1138.831879,1.008817726,0.926812745,NaN,NaN,1073.550234,1152.844376,-1,-1,-3,-0.025128205,-0.078082361,134.3191106,-210.6508,0,109.9304019,-0.082004981,NaN,79.29414193,1.393498988
15,2014/5/11 9:29,159,159,151,0.013245033,0.114702802,931.9077138,280.5072638,2445.513604,944.4165421,1.115833125,NaN,964.2986224,80,79,80,79,78,73,0,0.02739726,0,0.164367706,902.0672025,964.6902473,309.2058858,243.1250023,2445.513604,2445.513604,902.0672025,991.8646205,1.136989598,1.094670505,NaN,NaN,902.0672025,1031.69062,-1,-1,-5,0.02739726,0.164367706,62.62304484,-66.08088347,0,89.797418,-0.042319093,NaN,129.6234175,1.518229914
16,2014/5/11 9:02,159,159,153,0.013071895,0.113955676,1016.62031,304.7466472,2674.255971,1030.085479,1.00811072,NaN,1051.577904,80,79,80,79,75,78,0,0.025641026,0,0.159084963,901.1485548,1130.5727,276.5103672,289.5004074,2674.255971,2674.255971,901.1485548,1160.324613,1.183674613,0.873503923,NaN,NaN,901.1485548,1199.143366,-1,-1,3,0.025641026,0.159084963,229.4241448,12.9900402,0,259.176058,-0.31017069,NaN,297.9948108,1.42012476
17,2014/5/11 9:22,159,159,150,0.046666667,0.211630508,855.7497623,200.365213,946.7690394,897.6396108,1.177109009,NaN,899.9323174,80,79,80,79,74,76,0.027027027,0.065789474,0.163269084,0.249561018,784.2607804,928.2456311,185.1958556,189.9067592,946.7690394,946.7690394,806.0458021,993.6150418,1.34155325,1.042424335,NaN,NaN,809.8491329,990.533068,-1,-1,2,0.038762447,0.086291934,143.9848507,4.71090354,0,187.5692397,-0.299128915,NaN,180.6839351,1.476969014
18,2014/5/10 9:19,159,159,154,0.032467532,0.177816501,1059.453166,348.2122458,1958.267335,1095.005286,0.940721488,NaN,1123.033274,80,79,80,79,78,76,0.038461538,0.026315789,0.193552415,0.161136316,988.0957234,1131.774899,338.0270696,345.6363618,1958.267335,1958.267335,1027.619552,1162.36341,0.998886199,0.888957858,NaN,NaN,1063.413698,1183.30825,-1,-1,-2,-0.012145749,-0.032416099,143.6791754,7.609292168,0,134.7438572,-0.109928342,NaN,119.8945519,1.377069289
19,2014/5/25 9:12,159,159,151,0.066225166,0.249502817,986.8914472,386.1991552,1547.87493,1056.883748,0.991527115,NaN,1089.399721,80,79,80,79,76,75,0.039473684,0.093333333,0.196012889,0.292857928,817.9229961,1168.284049,321.4937406,368.8946908,1547.87493,1547.87493,851.5362699,1288.548584,1.220830089,0.825674742,NaN,NaN,879.0233222,1312.752376,-1,-1,-1,0.053859649,0.096845039,350.3610531,47.4009502,0,437.0123137,-0.395155347,NaN,433.7290537,1.30698975
20,41777.38819,159,159,154,0.025974026,0.159576726,1005.424966,319.5505946,2002.488731,1032.236299,0.988895186,NaN,1057.437661,80,79,80,79,80,74,0.0375,0.013513514,0.191182198,0.116247639,979.071794,1033.222148,369.1387269,256.8201605,2002.488731,2002.488731,1017.217448,1047.375877,0.984937296,0.992937725,NaN,NaN,1054.165121,1060.282807,-1,-1,-6,-0.023986486,-0.074934559,54.15035449,-112.3185664,0,30.15842824,0.00800043,NaN,6.117685611,1.44596684
21,41777.39028,159,159,147,0.027210884,0.163253657,765.5564006,223.7656455,1370.662375,786.9705656,1.379342173,NaN,802.853336,80,79,80,79,72,75,0,0.053333333,0,0.226210458,707.3482747,824.5843592,206.7718127,226.2483169,1370.662375,1370.662375,707.3482747,871.0398161,1.570811934,1.220636945,NaN,NaN,707.3482747,897.6863525,-1,-1,3,0.053333333,0.226210458,117.2360845,19.47650411,0,163.6915414,-0.350174989,NaN,190.3380778,1.583666717
22,41777.37361,159,159,141,0.056737589,0.232165263,734.122098,185.0426447,797.0298507,778.2798182,1.453783729,NaN,779.3436498,80,79,80,79,70,71,0.028571429,0.084507042,0.167801519,0.280126445,622.5140294,850.8813082,156.7263521,133.5157464,797.0298507,797.0298507,640.8232655,929.4241982,1.787736626,1.211893709,NaN,NaN,645.2863108,918.2359435,-1,-1,1,0.055935614,0.112324925,228.3672789,-23.21060574,0,288.6009327,-0.575842918,NaN,272.9496327,1.516545769
23,2014/5/11 9:16,159,159,153,0.045751634,0.209632174,1191.69191,528.7793628,2522.415106,1248.827823,0.814945072,NaN,1307.096523,80,79,80,79,77,76,0.025974026,0.065789474,0.160100788,0.249561018,1043.739493,1347.979674,572.7349738,429.1727578,2522.415106,2522.415106,1071.572546,1442.90782,0.946079644,0.710995183,NaN,NaN,1109.256768,1513.928037,-1,-1,-1,0.039815448,0.08946023,304.2401813,-143.5622159,0,371.3352742,-0.235084461,NaN,404.671268,1.246557582
24,2014/5/17 9:20,159,159,149,0.046979866,0.212309389,925.1957049,285.9995162,1347.088406,970.8039439,1.091545754,NaN,988.4817374,80,79,80,79,74,75,0,0.093333333,0,0.292857928,817.6217726,1042.261455,208.4337172,313.2283143,1347.088406,1347.088406,817.6217726,1149.553075,1.305698556,0.925070313,NaN,NaN,817.6217726,1167.989706,-1,-1,1,0.093333333,0.292857928,224.6396822,104.7945971,0,331.9313025,-0.380628243,NaN,350.3679333,1.404514388
25,2014/5/17 9:26,159,159,155,0.051612903,0.221961398,1000.345377,302.4499124,1362.62393,1054.785942,0.9727031,NaN,1070.674354,80,79,80,79,78,77,0.051282051,0.051948052,0.222000111,0.223377418,940.3050924,1061.208131,309.8937306,284.0145646,1362.62393,1362.62393,991.1323947,1119.356522,1.03966521,0.913108059,NaN,NaN,1010.183243,1131.99379,-1,-1,-1,0.000666001,0.001377307,120.9030387,-25.87916604,0,128.2241272,-0.126557151,NaN,121.8105472,1.386506932
26,2014/5/17 9:27,159,159,151,0.099337748,0.300110355,974.8066243,313.4897326,1044.581526,1082.322061,0.964976371,NaN,1078.573001,80,79,80,79,75,76,0.066666667,0.131578947,0.251123601,0.340278524,839.1910231,1118.641353,298.4727771,262.1641605,1044.581526,1044.581526,899.133239,1288.132467,1.18210011,0.806171714,NaN,NaN,908.8297915,1256.086291,-1,-1,1,0.064912281,0.089154923,279.4503298,-36.3086166,0,388.9992279,-0.375928396,NaN,347.256499,1.2955335
27,2014/5/17 9:19,159,159,152,0.019736842,0.139554387,1057.45933,398.5158289,2855.630962,1078.750457,0.951817477,NaN,1113.820467,80,79,80,79,74,78,0.027027027,0.012820513,0.163269084,0.113227703,944.6866507,1162.909108,357.2892477,408.2885629,2855.630962,2855.630962,970.9279466,1178.011823,1.094150952,0.842252418,NaN,NaN,1021.865866,1199.519761,-1,-1,4,-0.014206514,-0.050041381,218.222457,50.99931518,0,207.0838768,-0.251898535,NaN,177.6538952,1.38581444
28,2014/7/24 9:02,159,159,155,0.135483871,0.34334904,984.9948709,324.6235568,945.4622535,1139.359739,0.926939033,NaN,1113.089757,80,79,80,79,76,79,0.157894737,0.113924051,0.367065174,0.319749171,869.7435238,1090.367531,282.0552093,326.959749,945.4622535,945.4622535,1032.820435,1230.557642,1.030835478,0.844276812,NaN,NaN,1019.027038,1198.078421,-1,-1,3,-0.043970686,-0.047316003,220.6240074,44.90453976,0,197.7372078,-0.186558666,NaN,179.0513833,1.275598349
29,2014/5/18 9:19,159,159,154,0.025974026,0.159576726,1005.424966,319.5505946,2002.488731,1032.236299,0.988895186,NaN,1057.437661,80,79,80,79,80,74,0.0375,0.013513514,0.191182198,0.116247639,979.071794,1033.222148,369.1387269,256.8201605,2002.488731,2002.488731,1017.217448,1047.375877,0.984937296,0.992937725,NaN,NaN,1054.165121,1060.282807,-1,-1,-6,-0.023986486,-0.074934559,54.15035449,-112.3185664,0,30.15842824,0.00800043,NaN,6.117685611,1.44596684
30,2014/5/18 9:22,159,159,147,0.027210884,0.163253657,765.5564006,223.7656455,1370.662375,786.9705656,1.379342173,NaN,802.853336,80,79,80,79,72,75,0,0.053333333,0,0.226210458,707.3482747,824.5843592,206.7718127,226.2483169,1370.662375,1370.662375,707.3482747,871.0398161,1.570811934,1.220636945,NaN,NaN,707.3482747,897.6863525,-1,-1,3,0.053333333,0.226210458,117.2360845,19.47650411,0,163.6915414,-0.350174989,NaN,190.3380778,1.583666717
31,2014/5/18 8:58,159,159,141,0.056737589,0.232165263,734.122098,185.0426447,797.0298507,778.2798182,1.453783729,NaN,779.3436498,80,79,80,79,70,71,0.028571429,0.084507042,0.167801519,0.280126445,622.5140294,850.8813082,156.7263521,133.5157464,797.0298507,797.0298507,640.8232655,929.4241982,1.787736626,1.211893709,NaN,NaN,645.2863108,918.2359435,-1,-1,1,0.055935614,0.112324925,228.3672789,-23.21060574,0,288.6009327,-0.575842918,NaN,272.9496327,1.516545769
32,41784.39097,159,159,151,0.052980132,0.224739241,1042.848082,343.8428615,1529.963617,1101.189233,0.952106213,NaN,1123.905757,80,79,80,79,77,74,0.038961039,0.067567568,0.194771015,0.25271572,884.2654209,1212.922239,347.4463735,246.1184496,1529.963617,1529.963617,920.114019,1300.815155,1.111633759,0.828404575,NaN,NaN,943.874393,1316.298159,-1,-1,-3,0.028606529,0.057944704,328.6568185,-101.3279239,0,380.7011362,-0.283229184,NaN,372.4237665,1.301526437
33,41784.37917,159,159,152,0.013157895,0.114327409,869.4787519,231.5660362,2025.463876,881.0718019,1.1915261,NaN,896.1295923,80,79,80,79,77,75,0.025974026,0,0.160100788,0,770.8580245,968.0994792,232.4923041,184.9396056,2025.463876,2025.463876,791.4142385,968.0994792,1.318540139,1.088042454,NaN,NaN,823.4674758,968.0994792,-1,-1,-2,-0.025974026,-0.160100788,197.2414547,-47.55269844,0,176.6852407,-0.230497684,NaN,144.6320034,1.516280992
34,41784.38889,159,159,152,0.019736842,0.139554387,1138.711792,489.651035,3508.675327,1161.638875,0.892869793,NaN,1207.961963,80,79,80,79,76,76,0,0.039473684,0,0.196012889,955.0604453,1329.910454,441.386398,466.0798073,3508.675327,3508.675327,955.0604453,1384.564308,1.088385232,0.752378804,NaN,NaN,955.0604453,1468.410796,-1,-1,0,0.039473684,0.196012889,374.8500086,24.69340924,0,429.5038628,-0.336006427,NaN,513.3503504,1.302439434
35,41784.38472,159,159,147,0.047619048,0.213686922,800.3213038,227.6677902,1065.42688,840.337369,1.287865475,NaN,851.0559171,80,79,80,79,74,73,0.040540541,0.054794521,0.198569486,0.229153694,681.8474422,922.2291904,170.3115743,215.3078015,1065.42688,1065.42688,710.6578975,975.6917521,1.525547962,1.108205753,NaN,NaN,725.0404238,980.6087454,-1,-1,-1,0.01425398,0.030584208,240.3817482,44.99622719,0,265.0338546,-0.417342209,NaN,255.5683216,1.479578958
36,2014/5/18 9:11,159,159,155,0.012903226,0.11322296,1279.911001,498.6076049,4403.767626,1296.641864,0.791809745,NaN,1336.733809,80,79,80,79,78,77,0.012820513,0.012987013,0.113227703,0.113960576,1129.793546,1432.003686,504.6671924,446.3037561,4403.767626,4403.767626,1144.466189,1450.84584,0.895997247,0.708382266,NaN,NaN,1186.252105,1489.195474,-1,-1,-1,0.0001665,0.000732873,302.2101406,-58.36343637,0,306.3796509,-0.18761498,NaN,302.9433686,1.273746249
37,2014/5/24 10:01,159,159,149,0.013422819,0.115464817,1071.752027,333.3790114,2887.277863,1086.333687,0.973859353,NaN,1110.507434,80,79,80,79,74,75,0.013513514,0.013333333,0.116247639,0.115470054,942.6368283,1199.122425,304.2739338,312.8139544,2887.277863,2887.277863,955.5496616,1215.326782,1.125089588,0.857148447,NaN,NaN,981.6540967,1237.619463,-1,-1,1,-0.00018018,-0.000777585,256.4855968,8.540020601,0,259.7771206,-0.26794114,NaN,255.9653665,1.38257245
38,2014/5/24 9:50,159,159,148,0.067567568,0.251854676,946.4929056,346.9414264,1377.5461,1015.079348,1.04224544,NaN,1039.570345,80,79,80,79,72,76,0.041666667,0.092105263,0.201228621,0.291095933,761.4717831,1131.514028,295.9763771,292.2881023,1377.5461,1377.5461,794.579252,1246.305306,1.380740746,0.823341773,NaN,NaN,818.8695373,1258.393274,-1,-1,4,0.050438596,0.089867312,370.0422449,-3.68827487,0,451.7260543,-0.557398973,NaN,439.5237368,1.32514941
39,2014/5/18 9:06,159,159,151,0.033112583,0.179525989,860.7776662,216.2841066,1204.750957,890.2563534,1.180275701,NaN,900.670082,80,79,80,79,76,75,0.039473684,0.026666667,0.196012889,0.162192189,785.8339842,935.7213481,237.6262416,162.3329242,1204.750957,1204.750957,818.1285315,961.3575494,1.280882613,1.094322177,NaN,NaN,833.3899431,967.8480403,-1,-1,-1,-0.012807018,-0.0338207,149.8873639,-75.29331742,0,143.2290179,-0.186560436,NaN,134.4580972,1.494109547
40,2014/5/18 9:30,159,159,156,0.179487179,0.384995676,991.8682287,295.521727,767.5975217,1208.839404,0.830049646,NaN,1129.642143,80,79,80,79,79,77,0.113924051,0.246753247,0.319749171,0.433948947,967.8342194,1020.874792,334.9823189,239.1270864,767.5975217,767.5975217,1092.270048,1355.299292,0.901902423,0.758539252,NaN,NaN,1055.282038,1210.281972,-1,-1,-2,0.132829196,0.114199775,53.0405723,-95.85523253,0,263.0292448,-0.143363171,NaN,154.999934,1.277977512
41,2014/5/18 9:07,159,159,154,0.032467532,0.177816501,1015.219581,340.9236442,1917.277879,1049.287352,0.980292758,NaN,1077.468863,80,79,80,79,80,74,0.025,0.040540541,0.157109975,0.198569486,991.818489,1040.927823,419.6822877,225.1978537,1917.277879,1917.277879,1017.249732,1084.910689,0.989823978,0.970573076,NaN,NaN,1039.750436,1118.655305,-1,-1,-6,0.015540541,0.041459511,49.10933407,-194.484434,0,67.66095652,-0.019250902,NaN,78.90486867,1.429059275
42,2014/5/18 9:24,159,159,140,0.007142857,0.084515425,1018.42497,406.4923333,4809.68215,1025.751768,1.109113581,NaN,1052.779842,80,79,80,79,70,70,0.014285714,0,0.119522861,0,754.1507772,1278.923817,269.6648257,346.5874271,4809.68215,4809.68215,765.0804986,1278.923817,1.49249679,0.882438354,NaN,NaN,822.8605222,1278.923817,-1,-1,0,-0.014285714,-0.119522861,524.7730398,76.92260142,0,513.8433183,-0.610058436,NaN,456.0632948,1.36259482
43,2014/5/25 9:23,159,159,151,0.052980132,0.224739241,1042.848082,343.8428615,1529.963617,1101.189233,0.952106213,NaN,1123.905757,80,79,80,79,77,74,0.038961039,0.067567568,0.194771015,0.25271572,884.2654209,1212.922239,347.4463735,246.1184496,1529.963617,1529.963617,920.114019,1300.815155,1.111633759,0.828404575,NaN,NaN,943.874393,1316.298159,-1,-1,-3,0.028606529,0.057944704,328.6568185,-101.3279239,0,380.7011362,-0.283229184,NaN,372.4237665,1.301526437
44,2014/5/25 9:06,159,159,152,0.013157895,0.114327409,869.4787519,231.5660362,2025.463876,881.0718019,1.1915261,NaN,896.1295923,80,79,80,79,77,75,0.025974026,0,0.160100788,0,770.8580245,968.0994792,232.4923041,184.9396056,2025.463876,2025.463876,791.4142385,968.0994792,1.318540139,1.088042454,NaN,NaN,823.4674758,968.0994792,-1,-1,-2,-0.025974026,-0.160100788,197.2414547,-47.55269844,0,176.6852407,-0.230497684,NaN,144.6320034,1.516280992
45,2014/5/25 9:20,159,159,152,0.019736842,0.139554387,1138.711792,489.651035,3508.675327,1161.638875,0.892869793,NaN,1207.961963,80,79,80,79,76,76,0,0.039473684,0,0.196012889,955.0604453,1329.910454,441.386398,466.0798073,3508.675327,3508.675327,955.0604453,1384.564308,1.088385232,0.752378804,NaN,NaN,955.0604453,1468.410796,-1,-1,0,0.039473684,0.196012889,374.8500086,24.69340924,0,429.5038628,-0.336006427,NaN,513.3503504,1.302439434
46,2014/5/25 9:14,159,159,147,0.047619048,0.213686922,800.3213038,227.6677902,1065.42688,840.337369,1.287865475,NaN,851.0559171,80,79,80,79,74,73,0.040540541,0.054794521,0.198569486,0.229153694,681.8474422,922.2291904,170.3115743,215.3078015,1065.42688,1065.42688,710.6578975,975.6917521,1.525547962,1.108205753,NaN,NaN,725.0404238,980.6087454,-1,-1,-1,0.01425398,0.030584208,240.3817482,44.99622719,0,265.0338546,-0.417342209,NaN,255.5683216,1.479578958
47,2014/5/25 9:06,159,159,153,0.098039216,0.298344244,882.2239001,220.8191392,740.1488167,978.1178022,1.053946227,NaN,954.7875095,80,79,80,79,76,77,0.078947368,0.116883117,0.271448357,0.323387741,794.8756459,972.1412205,209.9245048,195.3064335,740.1488167,740.1488167,863.0078441,1100.80697,1.199180302,0.932788814,NaN,NaN,853.3084472,1058.652121,-1,-1,1,0.037935748,0.051939384,177.2655746,-14.61807136,0,237.7991261,-0.266391488,NaN,205.3436739,1.384135613
48,2014/5/10 9:11,159,159,144,0.041666667,0.20052379,879.0598659,249.2226658,1242.858347,917.27986,1.189336886,NaN,930.8456303,80,79,80,79,72,72,0.013888889,0.069444444,0.11785113,0.255992346,721.1486679,1046.398598,169.1877382,208.1308593,1242.858347,1242.858347,731.3056914,1124.488046,1.499371045,0.976504562,NaN,NaN,738.4105894,1132.708205,-1,-1,0,0.055555556,0.138141216,325.2499301,38.94312114,0,393.1823543,-0.522866483,NaN,394.2976161,1.410273946
49,2014/5/10 9:36,159,159,150,0.02,0.140469013,856.4870811,292.6183555,2083.152357,873.9664092,1.206046876,NaN,898.1501282,80,79,80,79,76,74,0.013157895,0.027027027,0.114707867,0.163269084,723.2551578,995.2703344,265.5474504,253.5688151,2083.152357,2083.152357,732.8985599,1022.916733,1.435299925,1.036235328,NaN,NaN,750.6650572,1051.571749,-1,-1,-2,0.013869132,0.048561217,272.0151766,-11.97863538,0,290.0181727,-0.399064597,NaN,300.9066922,1.481934649
50,2014/5/10 9:17,159,159,150,0.086666667,0.282288506,809.6828933,158.275916,560.6884883,886.5141167,1.177353719,NaN,858.2758956,80,79,80,79,73,77,0.109589041,0.064935065,0.314538632,0.248027075,749.2613506,864.2301193,147.1493768,148.6870067,560.6884883,560.6884883,841.4781322,924.2460998,1.281641534,1.091009915,NaN,NaN,810.7066643,900.6384627,-1,-1,4,-0.044653976,-0.066511557,114.9687688,1.537629891,0,82.76796767,-0.190631619,NaN,89.93179838,1.469752006
51,2014/5/18 9:32,159,159,149,0.040268456,0.197251199,1104.62284,435.6787488,2208.750825,1150.970651,0.928687266,NaN,1193.565826,80,79,80,79,77,72,0.012987013,0.069444444,0.113960576,0.255992346,975.2040927,1251.426195,436.9491799,387.6434615,2208.750825,2208.750825,988.0357255,1344.816209,1.039330068,0.833913909,NaN,NaN,1003.889168,1404.811669,-1,-1,-5,0.056457431,0.14203177,276.2221021,-49.30571837,0,356.7804839,-0.205416159,NaN,400.9225005,1.30134424
52,2014/5/11 9:00,159,159,154,0.097402597,0.297472589,870.1874096,239.3773568,804.7039134,964.0925258,1.064746877,NaN,948.5676609,80,79,80,79,76,78,0.052631579,0.141025641,0.224780595,0.35030076,734.922382,1015.546842,155.9147974,228.5864296,804.7039134,804.7039134,775.7514032,1182.278413,1.341274035,0.865350597,NaN,NaN,777.2752196,1129.030727,-1,-1,2,0.088394062,0.125520166,280.6244603,72.67163222,0,406.5270102,-0.475923437,NaN,351.7555079,1.35767726
53,2014/5/31 9:35,159,159,155,0.161290323,0.368990743,925.0478255,382.4007247,1036.342326,1102.941638,0.928406255,NaN,1092.199814,80,79,80,79,77,78,0.142857143,0.179487179,0.352221735,0.38624364,812.2741382,1041.345691,352.2886568,379.8859919,1036.342326,1036.342326,947.6531613,1269.14006,1.085638,0.804691784,NaN,NaN,960.3230419,1227.355852,-1,-1,1,0.036630037,0.034021905,229.0715523,27.59733515,0,321.4868991,-0.280946216,NaN,267.0328097,1.281052519
54,2007/1/1 1:40,159,159,152,0.026315789,0.160601866,896.3838912,269.2291281,1676.376094,920.6104828,1.136921574,NaN,940.4990516,80,79,80,79,75,77,0.026666667,0.025974026,0.162192189,0.160100788,760.9140628,1028.241191,238.0401085,230.5040112,1676.376094,1676.376094,781.7610234,1055.660956,1.357292139,0.976343334,NaN,NaN,805.6174253,1071.783427,-1,-1,2,-0.000692641,-0.002091401,267.327128,-7.536097244,0,273.8999324,-0.380948805,NaN,266.1660017,1.448287646
55,2014/5/10 9:19,159,159,149,0.060402685,0.239034882,805.1070943,248.9543312,1041.497917,856.863979,1.239651976,NaN,868.0163645,80,79,80,79,77,72,0.064935065,0.055555556,0.248027075,0.230668892,704.336489,911.8053824,194.1577526,257.2294208,1041.497917,1041.497917,753.2487452,965.4409931,1.358207084,1.14013218,NaN,NaN,771.9662239,969.6663777,-1,-1,-5,-0.009379509,-0.017358183,207.4688934,63.07166821,0,212.1922479,-0.218074904,NaN,197.7001539,1.468609184
56,2014/5/17 9:26,159,159,157,0.146496815,0.354735124,891.4621456,313.5298849,883.842236,1044.474305,0.949356778,NaN,1020.942218,80,79,80,79,78,79,0.08974359,0.202531646,0.28766401,0.404454265,795.1828926,999.9673355,301.8482385,292.274047,883.842236,883.842236,873.5812059,1253.927294,1.155167679,0.786903918,NaN,NaN,874.5020676,1178.973358,-1,-1,1,0.112788056,0.116790254,204.7844429,-9.574191513,0,380.3460878,-0.368263761,NaN,304.4712903,1.31929854
57,2014/5/17 9:27,159,159,147,0.020408163,0.141875295,978.0598353,337.2422801,2377.033152,998.4360818,1.090557111,NaN,1026.570716,80,79,80,79,75,72,0.013333333,0.027777778,0.115470054,0.165488796,831.5364696,1132.955965,325.5939266,276.0141863,2377.033152,2377.033152,842.7734489,1165.326135,1.269502061,0.952769479,NaN,NaN,863.2302449,1198.984663,-1,-1,-3,0.014444444,0.050018742,301.4194951,-49.57974032,0,322.5526862,-0.316732583,NaN,335.7544184,1.400504234
58,2014/5/17 8:58,159,159,156,0.032051282,0.176703572,861.6000999,230.6578226,1305.337637,890.1299045,1.145793324,NaN,903.4378447,80,79,80,79,78,78,0.038461538,0.025641026,0.193552415,0.159084963,808.3278549,914.1713943,239.6222362,210.0340625,1305.337637,1305.337637,840.6609691,938.2285363,1.215522037,1.083630595,NaN,NaN,858.5331486,947.6415901,-1,-1,0,-0.012820513,-0.034467453,105.8435394,-29.58817373,0,97.56756719,-0.131891442,NaN,89.10844151,1.510489296
59,2014/5/18 9:26,159,159,152,0.059210526,0.236798532,1004.957498,515.6790995,2177.7124,1068.206571,0.986353049,NaN,1133.900995,80,79,80,79,73,79,0.04109589,0.075949367,0.199885812,0.266609861,688.4218727,1308.484809,247.2353378,524.4660434,2177.7124,2177.7124,717.9256673,1416.031506,1.527400739,0.718059222,NaN,NaN,777.9169028,1473.880688,-1,-1,6,0.034853477,0.066724049,620.0629365,277.2307056,0,698.1058386,-0.809341516,NaN,695.9637848,1.245784229
60,2007/1/1 1:24,159,159,150,0.053333333,0.225450084,988.9645892,380.4087731,1687.330366,1044.680904,1.004393405,NaN,1078.955542,80,79,80,79,78,72,0.064102564,0.041666667,0.246520913,0.201228621,874.4163993,1110.153254,402.1356618,315.9870014,1687.330366,1687.330366,934.3079335,1158.420787,1.073138658,0.943925544,NaN,NaN,982.5786023,1180.458686,-1,-1,-6,-0.022435897,-0.045292293,235.7368544,-86.14866043,0,224.112853,-0.129213114,NaN,197.8800834,1.356034849
61,2014/5/11 9:09,159,159,150,0.113333333,0.318061804,636.5791491,192.2538682,604.4544362,717.9464088,1.478195584,NaN,705.0839852,80,79,80,79,74,76,0.067567568,0.157894737,0.25271572,0.367065174,555.0720132,724.45403,147.8388817,196.8034485,604.4544362,604.4544362,595.2946228,860.2891606,1.800959348,1.233945953,NaN,NaN,595.9135291,819.8942041,-1,-1,2,0.090327169,0.114349454,169.3820168,48.96456675,0,264.9945378,-0.567013396,NaN,223.980675,1.551014719
62,2014/5/11 8:56,159,159,153,0.196078431,0.398332437,869.4019033,279.587745,701.8954993,1081.451148,0.946370593,NaN,1007.028472,80,79,80,79,76,77,0.131578947,0.25974026,0.340278524,0.441367415,730.7074545,1029.995476,229.9046768,244.9989903,701.8954993,701.8954993,841.4207051,1391.397397,1.246614027,0.736045082,NaN,NaN,823.0621254,1212.305995,-1,-1,1,0.128161312,0.101088891,299.2880212,15.0943135,0,549.9766919,-0.510568946,NaN,389.2438696,1.258925314
63,2014/5/11 8:52,159,159,150,0.046666667,0.211630508,912.2152427,330.7936549,1563.071684,956.8691357,1.102878243,NaN,985.1585879,80,79,80,79,74,76,0.027027027,0.065789474,0.163269084,0.249561018,709.8892736,1117.390873,280.5327686,239.475633,1563.071684,1563.071684,729.6084201,1196.080371,1.461895087,0.878410005,NaN,NaN,752.1344542,1220.224537,-1,-1,2,0.038762447,0.086291934,407.5015997,-41.05713557,0,466.4719513,-0.583485081,NaN,468.0900825,1.361739168
64,2014/5/17 9:00,159,159,152,0.006578947,0.081110711,1025.579102,359.9259998,4437.465746,1032.371017,1.015676697,NaN,1054.772956,80,79,80,79,74,78,0.013513514,0,0.116247639,0,802.1374083,1234.69761,188.0460259,357.3059331,4437.465746,4437.465746,813.125592,1234.69761,1.333223101,0.820298431,NaN,NaN,862.1031617,1234.69761,-1,-1,4,-0.013513514,-0.116247639,432.5602018,169.2599072,0,421.5720181,-0.512924669,NaN,372.5944485,1.386636358
65,2014/5/17 9:17,159,159,151,0.039735099,0.195986214,908.1072103,299.9548894,1530.48974,945.6840604,1.115938825,NaN,968.9213721,80,79,80,79,73,78,0.02739726,0.051282051,0.164367706,0.222000111,742.8168364,1066.696623,224.2417883,277.8406754,1530.48974,1530.48974,763.7412543,1124.3559,1.422265327,0.913862945,NaN,NaN,784.7480621,1145.183276,-1,-1,5,0.023884791,0.057632405,323.8797867,53.59888708,0,360.6146457,-0.508402382,NaN,360.4352143,1.401448502
66,2014/5/17 9:12,159,159,150,0.026666667,0.161647004,918.6810858,280.8598415,1737.488691,943.8504306,1.116021791,NaN,965.0141176,80,79,80,79,76,74,0.039473684,0.013513514,0.196012889,0.116247639,841.1229811,996.2391905,272.3971705,269.1881492,1737.488691,1737.488691,875.6896789,1009.886303,1.196125264,1.046816191,NaN,NaN,909.708061,1019.718767,-1,-1,-2,-0.025960171,-0.07976525,155.1162095,-3.209021268,0,134.1966238,-0.149309073,NaN,110.0107065,1.467237319
67,2014/5/17 9:12,159,159,150,0.046666667,0.211630508,1135.505461,366.4318049,1731.469663,1191.089644,0.880348838,NaN,1216.307379,80,79,80,79,75,75,0.04,0.053333333,0.197278785,0.226210458,1020.457041,1252.174281,355.3053113,341.928628,1731.469663,1731.469663,1062.976084,1322.719311,0.997533407,0.784459068,NaN,NaN,1089.715827,1344.51933,-1,-1,0,0.013333333,0.028931673,231.7172405,-13.37668336,0,259.7432271,-0.213074339,NaN,254.8035027,1.290978392
68,2014/5/17 9:19,159,159,152,0.052631579,0.224035052,835.2849424,179.6970916,802.0936465,881.6896614,1.177943155,NaN,877.5003975,80,79,80,79,75,77,0.013333333,0.090909091,0.115470054,0.289364921,783.363821,890.172985,158.8219294,185.1697066,802.0936465,802.0936465,793.9498186,979.1902835,1.334514253,1.043599588,NaN,NaN,794.0584029,963.0905892,-1,-1,2,0.077575758,0.173894867,106.809164,26.34777723,0,185.2404649,-0.290914665,NaN,169.0321863,1.494246152
69,2014/5/25 9:14,159,159,150,0.026666667,0.161647004,1069.998515,422.9021842,2616.207994,1099.313543,0.968790547,NaN,1139.764061,80,79,80,79,74,76,0.040540541,0.013157895,0.198569486,0.114707867,939.640029,1193.404548,408.8505911,400.7237617,2616.207994,2616.207994,979.3431288,1209.316609,1.110885918,0.860174687,NaN,NaN,1045.702515,1227.828338,-1,-1,2,-0.027382646,-0.083861619,253.7645192,-8.126829394,0,229.97348,-0.250711232,NaN,182.1258223,1.355037846
70,2014/5/24 9:17,159,159,153,0.098039216,0.298344244,1058.386224,286.2547489,959.4780348,1173.428205,0.891897749,NaN,1152.452698,80,79,80,79,76,77,0.092105263,0.103896104,0.291095933,0.307126563,999.5086563,1117.263792,305.6321615,254.248848,959.4780348,959.4780348,1100.908085,1246.801623,0.956462629,0.83401281,NaN,NaN,1087.881633,1216.949822,-1,-1,1,0.011790841,0.016030631,117.7551358,-51.38331351,0,145.8935378,-0.122449818,NaN,129.0681885,1.297685028
71,2014/5/24 9:28,159,159,149,0.181208054,0.386489594,772.0804592,267.5057303,692.1421282,942.9507247,1.132216192,NaN,897.5021871,80,79,80,79,74,75,0.121621622,0.24,0.329079359,0.429959143,675.921557,881.7353476,203.0170813,290.7641875,692.1421282,692.1421282,769.5106957,1160.178089,1.412098833,0.919980665,NaN,NaN,760.101005,1047.849458,-1,-1,1,0.118378378,0.100879784,205.8137906,87.74710628,0,390.6673933,-0.492118168,NaN,287.7484533,1.367592788
72,2014/5/24 9:21,159,159,149,0.181208054,0.386489594,1082.361219,527.0193208,1363.60546,1321.900178,0.806810365,NaN,1329.457511,80,79,80,79,75,74,0.133333333,0.22972973,0.342223782,0.42353041,978.4710758,1200.832435,516.1940141,518.4609345,1363.60546,1363.60546,1129.005088,1558.975442,0.921429282,0.709951338,NaN,NaN,1160.285137,1514.093149,-1,-1,-1,0.096396396,0.081306628,222.3613595,2.266920486,0,429.9703548,-0.211477944,NaN,353.8080119,1.175675885
73,2014/5/24 9:36,159,159,155,0.077419355,0.268121989,755.6300635,216.4593678,807.3167318,819.0395793,1.241597712,NaN,818.132004,80,79,80,79,78,77,0.076923077,0.077922078,0.268194094,0.269806645,693.376242,818.7606993,207.8657778,207.8314184,807.3167318,807.3167318,751.1575955,887.9517443,1.366732478,1.134810996,NaN,NaN,755.4775291,881.6684966,-1,-1,-1,0.000999001,0.001612551,125.3844573,-0.034359355,0,136.7941488,-0.231921482,NaN,126.1909675,1.514063375
74,41776.39306,159,159,157,0.146496815,0.354735124,891.4621456,313.5298849,883.842236,1044.474305,0.949356778,NaN,1020.942218,80,79,80,79,78,79,0.08974359,0.202531646,0.28766401,0.404454265,795.1828926,999.9673355,301.8482385,292.274047,883.842236,883.842236,873.5812059,1253.927294,1.155167679,0.786903918,NaN,NaN,874.5020676,1178.973358,-1,-1,1,0.112788056,0.116790254,204.7844429,-9.574191513,0,380.3460878,-0.368263761,NaN,304.4712903,1.31929854
75,41776.39375,159,159,147,0.020408163,0.141875295,978.0598353,337.2422801,2377.033152,998.4360818,1.090557111,NaN,1026.570716,80,79,80,79,75,72,0.013333333,0.027777778,0.115470054,0.165488796,831.5364696,1132.955965,325.5939266,276.0141863,2377.033152,2377.033152,842.7734489,1165.326135,1.269502061,0.952769479,NaN,NaN,863.2302449,1198.984663,-1,-1,-3,0.014444444,0.050018742,301.4194951,-49.57974032,0,322.5526862,-0.316732583,NaN,335.7544184,1.400504234
76,41776.37361,159,159,156,0.032051282,0.176703572,861.6000999,230.6578226,1305.337637,890.1299045,1.145793324,NaN,903.4378447,80,79,80,79,78,78,0.038461538,0.025641026,0.193552415,0.159084963,808.3278549,914.1713943,239.6222362,210.0340625,1305.337637,1305.337637,840.6609691,938.2285363,1.215522037,1.083630595,NaN,NaN,858.5331486,947.6415901,-1,-1,0,-0.012820513,-0.034467453,105.8435394,-29.58817373,0,97.56756719,-0.131891442,NaN,89.10844151,1.510489296
77,41777.39306,159,159,152,0.059210526,0.236798532,1004.957498,515.6790995,2177.7124,1068.206571,0.986353049,NaN,1133.900995,80,79,80,79,73,79,0.04109589,0.075949367,0.199885812,0.266609861,688.4218727,1308.484809,247.2353378,524.4660434,2177.7124,2177.7124,717.9256673,1416.031506,1.527400739,0.718059222,NaN,NaN,777.9169028,1473.880688,-1,-1,6,0.034853477,0.066724049,620.0629365,277.2307056,0,698.1058386,-0.809341516,NaN,695.9637848,1.245784229
78,2014/5/24 9:21,159,159,152,0.065789474,0.248733284,926.7988743,318.681367,1281.217219,992.0664007,1.058498713,NaN,1011.089481,80,79,80,79,76,76,0.039473684,0.092105263,0.196012889,0.291095933,793.2668541,1068.071881,255.2766284,319.6720213,1281.217219,1281.217219,825.8668618,1176.427,1.28365156,0.891306646,NaN,NaN,843.8412181,1186.07873,-1,-1,0,0.052631579,0.095083044,274.8050271,64.39539293,0,350.5601378,-0.392344914,NaN,342.2375123,1.363270241
79,2014/5/24 9:34,159,159,144,0.013888889,0.11743834,1336.193446,821.6838288,6996.725482,1355.013072,0.811071692,NaN,1433.370188,80,79,80,79,69,75,0.014492754,0.013333333,0.120385853,0.115470054,803.8844768,1825.342228,279.7674535,851.9146329,6996.725482,6996.725482,815.7063073,1850.009015,1.411349492,0.569044587,NaN,NaN,905.2862954,1918.631901,-1,-1,6,-0.00115942,-0.004915799,1021.457751,572.1471795,0,1034.302707,-0.842304905,NaN,1013.345606,1.120223151
80,2014/5/24 9:34,159,159,152,0.019736842,0.139554387,772.4329602,225.5024462,1615.875006,787.9853017,1.325347926,NaN,804.3252301,80,79,80,79,76,76,0.013157895,0.026315789,0.114707867,0.161136316,600.8242104,946.3607472,119.2890483,166.5815606,1615.875006,1615.875006,608.8351999,971.9380647,1.732694208,1.067795194,NaN,NaN,622.0857236,988.8837737,-1,-1,0,0.013157895,0.046428449,345.5365369,47.29251222,0,363.1028649,-0.664899014,NaN,366.7980501,1.513844331
81,2014/5/24 9:26,159,159,151,0.099337748,0.300110355,1423.309979,608.6179959,2027.98066,1580.292698,0.668894439,NaN,1624.765012,80,79,80,79,75,76,0.093333333,0.105263158,0.292857928,0.308931378,1082.980554,1763.639404,473.3482648,535.9067769,2027.98066,2027.98066,1194.463847,1971.126393,0.878391547,0.540083968,NaN,NaN,1272.258749,1977.111053,-1,-1,1,0.011929825,0.016073451,680.6588501,62.55851205,0,776.6625464,-0.338307579,NaN,704.8523035,1.01266167
